PM2.5,PM10,CO,SO2,NO2,O3,Temperature,Humidity,Wind_Speed,AQI
66.18101782710437,96.59390183043784,7.22702994208898,52.943942960511094,87.79083448933864,117.71806382494493,41.97523039909432,22.607771642993725,10.81459482301084,111.60971825493299
152.60714596148742,219.69186452455486,8.466813971913723,46.09662841722439,30.686363452619947,169.9208470797013,28.38761686368243,21.84431325357423,2.2004885464890496,145.55842036808798
119.79909127171076,145.29485761702313,3.00467898792499,28.05476207676236,114.68734760257779,42.516003770552636,35.37185951426295,71.73872669955824,4.634947171806084,119.44229268443472
99.79877262955549,136.78658433526286,6.748740996069989,5.517148623176844,83.57394868830897,43.36093383007003,25.261690429040573,42.260679337000866,12.605190197188762,94.59113642648174
33.40279606636548,46.43315363945339,6.217459831437487,44.69913775206511,28.86446602683451,120.22730485009536,32.051210213985335,75.74101301773645,8.930287805182296,63.31786983602599
33.39917805043039,46.739190195388154,8.82830376788271,27.85007908497945,125.48056689774482,190.34815760450675,21.920157809739152,50.22129766899944,14.919535926805672,43.18446553085711
18.71254182522992,27.8833000527805,9.560870604812605,63.76866405684281,72.20385560023848,94.69959650673576,20.54056569249059,51.70986705809747,7.431271125120314,66.97679573190285
139.92642186624028,205.24425377059103,0.6215677147738681,6.915701221638679,18.7478142245986,78.84957804584509,30.238042515932978,55.901782175670164,14.047185487208846,96.67684431545693
100.16725176148132,150.6467933522414,7.240199190587926,51.78622490446327,85.21994852980806,129.20407817561943,27.434538596439314,69.91220194625727,7.734331562173563,120.4622728794831
116.21088666940682,183.89694501448744,1.0183579911972902,80.31793900048524,40.38386884153723,187.4807480981056,30.283772920249337,39.14520060807949,15.688724180529778,125.7233340930339
13.087674144370368,21.025255189412672,5.988586650773559,18.95274136891996,106.4432142252763,170.64700991203227,20.033120345045802,28.511114467346882,15.39751572098315,48.08979786467377
155.48647782429916,242.41298727256313,3.376327290436782,42.73195926004763,108.13864882794287,199.18704993197957,22.84352411359483,58.924013463402304,5.937050583341205,137.93100718520705
134.86639612006326,226.27369398445845,3.567765995221412,12.313759345371054,127.47368270255943,24.062344976427877,12.936428622011826,42.88843362699175,14.288855056252048,120.7713048108848
41.85086660174142,50.60256461478652,4.029585034523565,55.05455298090821,70.22434372294045,40.314466048297206,11.8296730295272,50.97439195676262,13.714170613234739,37.01054353755467
37.273745081065094,48.377183462704565,6.712924490496102,49.042534447698046,64.59482556732846,129.70419740599198,18.87099953855557,65.28626958361139,4.160205959913442,44.939670484290986
37.51067647801507,45.15465605189247,3.840499656687692,37.589241937026586,100.41707265357768,167.70375908009294,12.598640076569101,54.58880187988894,10.364356011749045,35.836081428621995
55.63633644393066,84.77516425053845,7.826990505902804,46.7101617178993,25.896478761031187,71.34398161521798,13.632114802215924,63.419517197059,2.0902347338472227,43.38165745092495
88.71346474483568,146.28985841583284,4.545273855738697,76.72597267752082,75.6298616551749,63.05799584615938,38.452494188787796,58.09400014795395,13.550660808751925,87.06001180963868
74.79175279631737,98.85533722348794,1.1835320030995862,20.703544184885363,75.54971201570211,161.65564388861617,11.360579395584125,71.78574603552694,3.6181882525524482,77.85482776689562
53.684371029706284,89.30487846574744,8.337598424841072,6.805160936427779,20.736774737246467,30.148733693581683,33.062997787716,69.4155632398134,2.0622205207864677,67.18134486396852
101.77793420835692,125.20046629192845,3.35758324592706,73.93319077592808,60.15809026082963,86.48887656486532,19.539521208539018,57.393292426603345,7.003286433082168,80.58132011944552
30.924079097806274,51.557181719754304,4.8276687959926265,51.16936659103252,112.39417582806423,111.04566006661935,40.50409882478442,67.52321146017948,9.653832078994652,71.52832233301832
53.82169728028272,74.04850165108483,7.3544388322190155,76.2526764369474,112.73843463935923,120.86276138305821,26.974729960212485,81.1491721590829,13.823754378396565,58.79617731058425
64.95427649405376,81.2389900595377,3.82456157148712,52.75561787305381,21.90851979036172,151.15072822269983,20.6951760764739,50.2589901451718,15.613637882826048,63.131695609670885
78.41049763255539,113.14132037076892,1.0658565614671562,69.8128871967762,20.8865059297397,83.87223021751848,28.11736274913021,48.89341509241555,7.592387688547955,68.76013061093903
127.77639420895204,169.73666502108108,4.2392104701281355,39.373869068411835,41.52345724023223,130.2831820414293,23.36853066658441,73.49719345966662,1.9067038447790532,120.65896999000365
39.95106732375396,53.631769031001724,9.944485826943033,64.9887945030615,114.97192750647922,125.36757610237214,29.75053726344406,60.778768592939585,12.23673368538806,53.516333294612586
87.13516576204174,117.95007992988208,6.917343972985582,78.04331735118848,25.468310208819872,118.57089811767447,14.008650391422188,24.9704746155812,9.477598843359061,84.48467019420721
98.86218532930637,158.32906996305036,7.21479148667207,50.7698370977765,96.39961631529356,135.2869927655982,44.89466759843929,82.44784109837569,7.718370172666947,90.60379950225987
16.96756190799966,24.93520045979135,6.822821536376399,19.462812044990365,22.139874353572388,66.70085079225373,24.894455719385114,22.15481715663481,5.639033181882845,41.44162912567528
101.13172778521576,137.0996160865023,2.489921389594368,26.50380920241585,84.77654244973904,35.236775645233216,22.188072389757906,72.38774493468202,8.535977917653035,92.03962462486788
35.57861855309373,53.551758696955346,4.683338641022801,20.89156615179246,52.728075894297376,41.468900967153814,34.85734469106927,73.1155899893019,6.080194066855464,34.59337964306774
19.75773894779193,30.784045771643832,8.009397983633182,24.748562207658633,104.66967555590404,60.42482887770219,22.736479227336638,86.71777596973513,12.355178016210404,26.1183387956992
152.33283058799998,203.56418956458205,1.5137289755315915,29.513235948082908,38.04285385904363,110.03562839410134,39.164600676006515,23.789408588162452,9.158405447389615,143.61661045864298
154.8448049611839,217.83173093720362,3.2785277608971226,49.41070294025508,86.70421952679519,171.2796950982836,25.899475352614886,61.77998025491437,14.15271661231168,147.6716620449651
131.25960221746917,165.5108827245875,3.263191084658536,52.03933035710662,38.2819041491062,146.23280157590915,35.18454446429023,49.9488399438937,9.153158719741631,115.60948807610016
55.6920653760056,71.87476915975988,4.82018927594506,39.11997977934889,95.63923397345846,162.02730875636848,13.760862575466028,43.14430684016794,4.5739362000989505,83.29571213642627
24.650817100957582,37.97603634229286,10.303687409421851,54.23366238566683,114.84136414728985,83.17561230669645,39.614171494428916,26.322299220935115,13.766378233482168,61.046318621334805
112.63495397682354,145.38009474335217,1.1750254668382194,11.525994048909274,25.216215895211207,92.83767349673903,35.750129537233846,59.38578837699164,9.35828567395066,104.43167971168606
76.0228740609402,111.18966376209731,5.6870099438059505,12.023058964652797,113.99148263146043,90.8627394783103,17.4100872461688,53.532850797222956,4.102615572153419,113.59068359913893
28.305735226716823,44.001920145964455,2.2936468201221043,18.746356828612676,81.22903052971576,54.53717319281027,15.085010341102532,27.3188120705717,10.352617149343331,42.2751971745264
84.27653651669053,105.63545227602148,10.206765454097441,46.44619984322758,25.253258904042877,31.018998465842962,21.070232205396856,62.874265496795836,6.365751474136413,53.367418091854105
15.15827816728276,22.489672017156074,1.633035047274642,22.119574295865085,61.305022643165444,126.36489670890083,44.16247051111665,71.65671841770569,13.666084184380987,18.823177338529696
146.39806031181732,194.45781931522075,4.536010023615912,27.662752279406185,29.303235218211746,198.05900301570549,18.989105109847053,73.70948107375537,7.799496079698143,128.27894591799972
48.816997240002536,82.08399599340164,7.878849848346062,37.025026893839524,94.04174666398833,50.02934689104731,25.964452313132163,83.37612317836991,11.89662037161125,51.6708589775697
109.37834265309729,157.69872190138946,7.545544280274453,69.94928992083038,101.06417613015395,28.403267581869276,11.05070790010677,48.662951932214405,2.4330431145435574,129.42986433417272
56.75666141341164,90.98071682075445,4.727286368939323,6.1089708730288095,22.695582432735875,160.31570272830794,23.902963534818138,86.71509380354959,6.940365194535192,63.505161620646234
88.01020317667162,129.825018696191,3.9652416795271823,56.95030561892979,70.73678232335732,65.46548120325036,29.996200540158597,80.58005835578803,15.74862154708598,62.85563525817582
92.00654190149194,112.40496879336874,4.4761237855287055,58.510122483254825,107.75500672311006,169.3358849635271,43.35936143777878,40.755109971675736,13.126904342157225,108.63318583223827
37.72816832882906,57.21762283261534,3.142762631586393,68.89246242853092,122.33956498611958,146.70860006621277,28.085761572902253,31.149812614462093,3.3991120355039297,61.77291472644975
155.4376941646838,260.4672038642087,2.553329387067998,79.62023512482506,71.6221440090124,190.22123666914482,38.66875641621907,50.477257728960936,5.166460742158826,157.3751390559663
126.26992350416718,189.5066474595406,5.3303969755889,6.611027915943186,124.03350683336885,93.60690243620095,29.14946748991152,48.13290955691767,5.947237132845416,114.21435749980603
150.92484123462836,242.92778375663633,3.185337560676073,17.302696441057293,74.28267645472357,139.15457110111413,11.427475470243134,60.3003513731843,10.755483407431685,139.0913077496657
144.22410256414733,236.83086490589818,3.374616648972501,75.89370352447945,57.30285935198896,103.67386054638872,21.02528963164209,60.83703626294236,12.354921392344833,156.77916914779314
99.68499682166276,130.99006185690277,7.06756063474557,41.68148497496123,111.78437542634745,133.5059655155378,30.144232774088614,72.49908890659827,12.242899132118646,80.11619525554875
148.2811352534675,193.6584870972768,10.185373316998922,50.16725111467708,69.15792525497068,100.92780308139272,43.270788807589355,55.69229637439271,8.648110844596042,122.2949044953308
23.273875307787925,35.03859804431898,6.536372005593751,58.04217629785179,66.62830126774276,53.95380435633347,40.06956259129316,27.337584865853586,13.162308067572269,54.316995809907525
39.397429362871776,55.37364778811559,1.2697946706496628,59.32532835965099,68.8374987291794,111.42153488060856,17.992446496259667,80.08039348871742,7.556171241362126,13.718720655641924
16.78409333658071,27.18906725244551,1.2558361385406698,79.53923226532066,111.61420022436944,115.14515625873962,17.703844050670725,41.6835208229631,2.8582084794334284,45.27925273881585
58.79954961448965,97.01993668660224,10.01423220845566,84.75595339293358,109.83298500256626,165.908692686829,17.041053848986525,87.99082222146144,9.466627624807199,99.03808445166081
68.3015934534223,94.03153382754776,3.4729079030733363,62.612596874475216,58.422399092825344,152.3937270428446,42.28746137058761,28.25020760758391,15.2845207690166,109.87235024764449
50.70235476608438,66.84777327668371,1.4206698608247543,27.977696736412064,49.995983184463,139.48249230945993,39.84331535856022,87.07758205627522,12.89490477088767,47.56038583051547
134.3106263727894,213.5891870735209,6.490445871503816,75.38019218354749,69.03136288469551,40.40967719946306,37.12092012885321,26.370826481776188,9.680509715383636,138.1720343891225
63.51299900403839,84.94247653588232,6.736487782902661,8.937673163260929,78.73270116845308,149.7109323194687,23.745728997847966,36.17252965629416,10.702084905236454,49.57183651003144
52.14017645310712,84.01383960380636,6.985048201186881,23.486468229959698,38.60046527535964,110.05492814381266,27.653324650456838,23.26059594605791,14.95843040553359,72.27700913674708
91.40441247373727,129.05106802719104,3.174020278575413,76.79085739709718,105.27461016587087,180.93791649910867,26.25161106783035,69.35792026472964,7.4251419165244075,99.48154553624056
31.138633746214396,47.759656406136976,0.6511068421447503,25.495321155148396,68.37793188789075,185.5767681434977,18.868933764578042,79.52091156002543,5.97091208413956,43.566289442719444
130.32954711310595,162.6209936284175,10.150153694544718,22.65208476973988,50.08546581039515,29.928186308321383,27.675981615206844,50.38497572711863,15.658623475006735,102.07393436841875
21.182596551965624,32.02659605226154,3.008930456911025,16.05002345121978,22.818519155678874,167.7154808638062,11.067379174846407,84.99654525297008,13.951647002655001,7.713672127473398
158.03304049007758,225.33675852108752,7.260262880525475,73.72894061175332,38.661419248432836,26.785530276080713,14.61336307241107,61.32093502289197,5.845653769279036,109.72923677039127
125.83671539449861,187.9124995877065,7.5662986987870955,45.00466073528693,123.91374061071804,86.09053262510407,41.030635865913126,64.10049948125663,7.956708960413842,98.91761742256482
39.80735223012586,51.11292304983369,6.600074170794857,58.99145624433238,46.61196241834319,117.61399561179424,36.308791846099815,79.1793441190539,7.2261719351169855,43.20926103135364
10.82831756854036,16.98353254133604,3.629073942136482,24.125310726002375,30.263114724044236,46.658143752882935,24.800394317068047,40.776014353628725,3.236435180071509,3.949535313278826
132.31921426822512,215.86537280859062,3.2109625376406576,65.64323368089731,65.28073499859919,154.33648626243382,28.100262679935703,44.7986004929338,15.367289857198886,130.90925879780582
116.02860157714257,151.80832984789217,6.476682827027031,65.80044359696788,46.85052920322984,21.50384675098494,22.94996100859921,83.4166343436251,7.064686468296382,85.93488939305534
119.3510752061481,148.93310780448266,9.160956336116914,30.007841992664012,14.219110032543298,50.347828718126635,35.92729535062354,83.06744472271347,14.12993623956862,89.63369914139412
125.69055200289186,152.31423586783617,9.967337289233956,37.85461064082263,48.77742607353007,124.54342937362563,37.446551273122786,88.35379433406096,3.840343415209976,108.03002389481179
21.106697760113555,32.10298652736757,1.5590580440375763,21.775222194416067,75.29303487273623,148.58976116671263,36.71498165711057,83.12868215091697,9.218062159558297,0.0
63.76985928164089,95.88098176402156,2.0482861259771985,83.12488186583235,76.20548464239603,184.9957584849049,35.291410369205735,28.91604252233526,1.3594207768640474,119.9258720736215
27.380358928769457,40.34081640729377,9.947362587830796,56.64820616467293,52.78707054122664,146.98939734823227,17.157651854247852,77.66070002958912,12.463307257634629,37.643184600593415
139.46551388133904,183.53292713415627,7.865352283347926,79.76351045724124,63.676330750312076,140.92026864587586,21.828949273416757,48.688693467671584,9.713708473694176,130.8636331073186
103.49471902413369,144.42201593450562,9.329938248297731,29.270843490330655,125.86215018817197,90.98140634311957,26.444590224428623,89.35609491621565,10.38384375204629,80.63209687449951
59.634703727897374,89.28735453451367,2.526326341353432,67.55127303975118,55.28181726763739,20.231196594824254,21.577754699967947,53.05966750301607,1.775813238319802,75.00360542436364
19.533752542903546,28.292363497719506,6.375858711094018,66.26869151077936,40.98721759119796,41.62866657241195,36.42290700554152,58.76852577515544,4.165574953129231,50.20131185624588
56.64734825734933,95.95453309240904,7.511395944174737,60.33245214932332,39.216045288011216,116.21981805608705,21.527373348748412,57.084244067975895,2.1149630853037023,68.52845161750452
58.777498304012056,74.54279162706607,7.301118854469727,82.25111802134404,64.9317535244961,141.52337945199554,14.8381230374868,42.521592090079444,5.333714737057177,77.81826314319146
119.44092675070961,184.8434669814282,4.581516908666981,36.48442688850524,101.14241784603328,95.14069110136325,23.966415821690642,25.251546222504274,10.411585115232265,144.84176453436717
105.63362070328196,148.11517254051185,0.6539489169130848,15.457385887180584,34.718582102616786,151.52222207511025,44.29700514738331,82.6955861281343,9.492789764760628,83.4320712862279
143.08191138644898,202.33210334298795,6.329260568042631,58.73670873952486,95.11553525689217,113.93521315979217,17.905849452675156,76.18730687684007,10.182247324200855,121.62747981958856
80.83223877429239,126.00120349794106,3.0310153917960876,63.34478403817649,12.537978801929954,33.351715206976195,31.425553063013016,29.766874639176848,9.238769070668415,65.98784598244026
27.939136890745257,43.19999847887049,5.002542461428903,51.004845876705176,60.27195735807352,54.56292517423079,25.15405674438972,74.3737789945051,5.09543193513789,11.727328839743599
116.98671808344925,198.3659544420227,10.075810150838173,21.5454314506717,103.10380782433442,171.19968018390972,12.485859867726433,63.8092666235427,4.667612460166378,128.3229519677011
124.11775729253462,156.9093143791488,4.490353176424347,45.35647533354843,50.64795469293177,150.4842943923991,27.075681209932082,48.64006515423356,3.055895253048719,122.8001030718083
94.19157963542443,117.93302172790172,8.898016066644267,29.97517892553035,77.64845217344794,181.0571576622491,34.575751502690935,37.78148043668939,13.73606312355238,129.78247030849397
125.64507699318415,196.27889561546726,2.3854060574925113,39.19732225333512,34.59750793910929,41.16030484176858,27.962699153973656,80.18101484515627,10.247190378118667,58.1272525123829
84.06933945465862,125.19551037656296,7.224604980250288,56.61748606757311,99.03944693514067,198.2400562307133,40.52371223113033,69.01317815058371,3.7976651875608964,98.20455163964417
88.40992440729912,118.21117119176252,10.270069544389434,64.61717941526676,16.273492392251153,57.69320851098805,20.11279558301539,58.34179366283958,3.6581406973185926,87.82189041350857
74.13115275378244,91.90110799160472,1.518931008729368,23.57797527210745,112.30511738506004,22.12037773159556,13.018720995638773,62.66979737289249,14.09553402289205,45.948502867543674
13.812869011614278,17.167035904656963,0.5831994222719201,37.42602885175627,33.78356637060018,199.53612902963974,42.779796408030215,26.37463274575267,12.14096295644979,41.243259562383436
26.183714048995668,43.1270759425081,4.835827926326143,26.532925679330333,114.92776380499969,70.59329938012036,23.236872233487667,53.17438326378343,10.89098619858057,41.26643165092517
14.714377853010138,19.06885758039105,1.426254830513672,20.89052910894953,52.30350895606208,140.24350145226077,30.17419430087717,33.55902049499914,7.102961613089497,41.82503014601441
105.46156168956706,143.6055090008293,7.983843496762313,67.67097759966707,96.72202893693839,51.802816551734935,37.72010941455686,34.58685753061778,4.929633464177763,110.85128217016124
57.153397161449,75.06116828157089,9.64548663848559,77.74021555495939,48.30703573434262,124.44113579584551,21.35097823564532,66.29127736008067,15.691761446692356,87.99272030856326
86.28560367470541,118.85825968514602,4.840209727087588,34.61857485476614,118.7094005481577,182.72629756182067,35.06575883621639,83.78793062840018,12.958593625342003,96.67429058219366
146.13497108891394,180.43459093298756,3.0871164215544096,65.10231394990134,25.196455062204922,77.63261013711895,14.739659743623982,48.26296273348426,5.526688347044147,107.52261591145411
47.39383437233124,69.17271812661922,4.844033190066098,76.75962314915289,31.422374712711843,140.64571568798465,20.195281152192685,34.542449110853326,13.71347194417742,88.82267762272934
71.55743845534445,88.28801707544233,7.7344781785000105,72.68993684241852,69.16361501905627,53.82264598371497,15.064872264778197,65.4122856065658,12.383979229220223,94.03393755998586
123.3326707814573,197.3542577812748,0.5905416158037098,19.625071083138074,19.832612684577533,132.46317176937055,38.39306954404752,80.98309324452225,5.456208248169975,113.27895435215277
44.31972482374337,58.36269736761933,6.394539894846972,81.50335052106891,33.51762216421143,80.56106332715183,17.792723232937487,72.38231607857435,7.398292813624595,8.202101198338674
21.54698647431895,31.674198479159973,6.632916848873791,35.134115234357,123.25196586544172,58.017486545831304,35.10912443918236,80.8130061375611,3.7893016808653996,72.21284278286196
53.46271793706521,87.68097153478223,6.876882468959355,32.13925289390691,127.17875933774646,76.37276912665433,43.01544390359784,57.55882697075595,2.6657866656716402,98.75679203430053
34.183193088100666,52.14436509712839,2.920220799808772,9.994506182222427,55.151119519650635,52.19139233140388,28.472027317410696,72.63133710584336,11.841430492595451,58.165837465101106
149.45464785138597,219.17208657600514,7.640527233781268,43.89389232839064,120.79432252167227,182.3448994108189,28.901021729124068,29.804519155125554,5.012677860307999,183.49684590538803
131.21805693466254,178.74089076265813,1.413914863317764,13.721089251274297,75.3789610808118,91.4936395370832,26.136174883423422,44.379223075423404,13.300890486193804,124.0113172584195
105.01056347656352,143.4970354363837,2.4927033646680083,24.88318567419408,42.369095904852045,64.15027489538612,21.406155018777497,47.26844151370657,15.93413067271639,89.52122077286846
140.71908852815767,215.96770329227962,9.27470046654482,30.35540974138251,94.28784652967184,100.71341138286792,26.6479260823721,55.79070223722242,2.14929720894473,166.45642730436103
130.55081153486717,221.55382403492953,7.887231507265664,69.70610587933473,89.06821678898287,77.6965100251692,31.09826362933658,85.03534521797766,8.095526876255505,160.79913536533238
37.985508832905374,58.1527597954797,0.6374555401134525,75.03909203167171,128.69503829304801,153.99546568639866,44.509705025973076,81.2007592155522,13.030938389662046,58.98023142755819
143.88384977349668,212.78863244370413,2.9837626036980023,29.197305396917574,41.805674489114,194.81958413938898,42.82175957613785,29.416784460242916,12.834263448118502,115.83965141195073
90.9013362873476,142.29015741470704,2.6440648299316454,73.69584969956591,90.64714031940825,98.84605820557643,40.175353540259266,32.095275631772424,12.399957374964528,98.6816724755079
131.11602327460938,187.8371828733667,3.2080632803697258,73.57847498958328,16.242850603533626,174.98601199500328,41.11956874967004,45.03483847122379,6.234924029528664,137.70827083451394
144.41369498852399,177.63912294635134,2.975597702798864,66.17207603078988,23.63752464360633,121.85535324073152,26.374721415221504,40.35207061234718,7.8077988352757846,122.65400910738806
57.70052124577958,85.46303518043426,1.1252629574284574,16.735609121214523,10.47020499413119,48.30241971696203,33.01055145121127,63.03396672093836,9.924525360122054,22.893244174810647
26.507788679151513,44.5016107527223,5.089405165968204,60.22582775205832,129.93528172716077,144.3120935746415,41.327335302767494,83.19432334351814,15.609108753598857,29.9823340806232
44.19027438129125,56.901671818865836,7.827334747861651,80.6019251664455,106.27284365769734,112.41820948264763,23.753276774697355,87.36040791708108,5.913209064077393,56.31835118031594
74.06616829393845,114.43241113630816,6.567317247174364,59.60323830137256,104.4067617680249,137.1091741853786,43.661686742091405,65.75220667746586,14.847158315752866,107.65052868187226
132.702214888374,172.57483063142266,7.228716685980798,31.529347928626716,71.16712903458156,180.1437342628997,24.552512172421405,78.67114409807607,5.0403537727074115,147.49021705958515
139.10958748845152,204.20088906211308,1.3114917853623915,45.0463453944665,46.00804994865279,99.27822271808829,31.037893288762547,56.7641540161558,15.836116982105569,121.27338830025006
11.042819579678605,13.78517379114063,10.014907101767871,56.65800346808429,28.15171413552111,182.21197217912402,34.84316496453302,34.58288628020278,11.053955302413875,80.81891471006696
86.61209538663486,123.43829970924283,8.884918338430248,45.84563269828028,44.16096866157564,155.12042257069788,43.270720457657845,56.72818884654342,7.952672205378264,109.83476935287256
72.61165047231685,114.58711423564282,8.550903184956628,14.596235338477586,55.116546631496696,107.94888665803725,18.56156959182931,58.85578210063558,10.200856420954073,53.44289938402149
43.31617157060954,59.50713977322845,8.729838050417674,29.96512357216165,100.7572116376353,128.57998441843347,36.11458423835248,71.97202949494897,5.087967535603102,68.41289940454215
27.97980510005242,42.87781635000896,9.827105081327613,69.1916824442906,74.75941466837828,78.60460385342206,28.228545515042878,35.39180927951443,5.112607862671999,70.48913227827303
60.64227571054419,96.88967877072919,5.942539661136977,73.91344368764139,19.298035186657923,197.04751395297936,19.399499921722438,45.78172674607122,2.7033181576524075,80.53082659726708
151.43645558687788,251.92800804462266,2.502820178676259,15.984002617245618,12.16348107506947,140.12320934907126,37.18123939287367,45.48192284501964,2.7107544655809814,139.69277606579092
58.480439803113285,77.03751383534845,6.667836078525411,81.19094019189797,22.279861544087577,27.89243344939338,29.327779806084628,87.16077170188154,6.21507612203367,66.1639513452692
87.81859326150492,122.91599291045738,7.92881493667939,31.305809427888747,59.25984564368552,78.79194303464158,33.13408372273865,51.076147222870325,12.442832168445575,106.08329076215186
115.45284383427668,147.34184369357186,7.879173933540254,57.985099098457596,121.9831500458822,132.19659807663035,21.301537400226536,72.85657771087025,10.119567513972438,109.92911116024494
64.5444403568941,109.48297453340423,5.714490241668801,65.1460116765345,86.48829774510659,30.139990003863165,26.844588313966177,72.55679669621074,2.538768404965312,47.36042164030076
155.7673124081441,259.1189995764308,1.1845871933357806,69.95569877103067,106.21910798506181,24.299154437445697,31.607398784582347,38.5880929362269,13.783547874638664,127.18693493880164
154.3670942413167,226.91631969772504,4.2111293843012785,80.65997617807442,65.96495134054582,101.00436311500447,24.17187849944454,60.030878256021246,10.020514404850996,135.27533786515656
47.767344373804626,77.43166042190941,9.707666084633573,30.03356384230581,53.39992998340514,79.8842323446806,16.943038894669545,82.60120253230536,15.412833651771695,71.25272949518585
84.58727588385781,123.53793913433275,6.34448909757426,73.68051636412436,23.00804472599473,98.89374944596986,43.65741723103564,53.26384036198646,11.052782011168112,89.30843561017339
55.13174647251545,83.34777979444716,5.883319432557134,15.534952274896563,115.1119626623446,67.28479577840093,27.90136390149161,86.15822551397822,3.627622955562715,69.83140188896925
52.72607415662014,65.62087969640204,3.188535143821935,61.403272508287415,103.97920348334834,49.64919444973657,35.687212960069516,35.01207605269131,8.106750434617334,73.55944351401087
15.53304210317992,24.505474144247565,4.184489199165789,64.35821836111887,30.174171711727013,144.04580425646077,24.386651774462035,25.19113740418215,10.727463963208063,47.456031110866206
101.43465009698453,128.19886637898495,9.453460891531693,59.21785929610564,71.47126766515126,112.62280092820409,22.42961174090007,82.40177112013245,1.4239705157496654,121.1791996546167
85.40185348432922,137.7560775446818,7.164630475268357,25.18517889081224,68.4849769505494,56.027758024886026,24.250750446349375,79.33768385735516,1.2236539623221185,76.86742760446026
17.721812687498403,28.195652868026663,8.373870267523328,74.84345176121627,85.01098632238343,77.5260967267997,24.321882532497742,89.48129131536913,2.9410450089785187,39.665613640078
51.79696963549171,80.5117773567444,5.043454230676551,18.508677069631602,123.54242727895135,126.52542337939866,29.046304057968374,67.55754416786982,4.7749665256820615,69.99199585551914
146.23988289499806,178.13190438068756,6.802472194561579,9.290783321666467,79.57257301149755,33.00128268904601,29.02144544934771,85.56815486670047,7.443236852810133,100.4642428921359
45.934283600045866,62.083132254659226,2.983836087432075,62.39719924895297,74.82607201343423,46.54154166791232,27.400383555900508,77.88643175588776,8.311607106396826,52.543350340609486
31.734230813683464,42.255914488186214,7.554608302834863,43.0380572186187,16.03875195215967,33.18420873933022,14.717502472110333,79.10984331840608,3.070414134068452,25.658287151343593
83.41791404163445,115.12241079082244,4.776013337033373,72.92784159669408,17.54889712216287,166.2171198885414,27.36264174751859,59.83990993179878,11.100873686737462,90.27867778749962
157.8475681165901,196.33417895977317,4.9254551481474556,35.671771284660714,32.48161495921467,155.43366197816167,15.918636514722802,46.76552185416976,9.942070925448022,125.79793529842048
46.30829072672506,77.26440650587101,6.993223245768816,18.462287080617024,13.896492603009793,155.59632773826627,14.41475252035178,85.41906507802973,5.416961482617403,55.14646944771447
110.82033211088178,163.67067265280616,9.862806214689266,71.91537539758957,99.20234746840148,148.93856182568504,42.64260010694087,50.24820229311261,1.20489825152938,140.6388830963964
124.24294229930764,168.07115040922943,1.1400634660862092,48.91277053120574,96.79963647927558,140.48937626057645,31.173250460169648,57.717355707476834,2.164718730299361,109.25073336919353
45.64563159885995,63.83499395859658,8.747432373470076,20.13566339122839,26.326748131797153,105.8585447680715,33.08215203436045,51.22800149876314,6.875421632662591,70.61890463172162
119.23245229177894,169.7394705378873,3.4238311041219314,62.63071988691566,110.32946809543371,135.6100694312807,24.062778461667733,59.537281977213794,3.309615267485259,120.45456008846483
65.16746990788798,97.77057046252861,4.939194545063778,45.88909107916004,28.574324181533438,26.90507986183544,41.814331217020246,52.9353555294629,6.652294092219562,72.5116847020914
104.84587458903692,152.84847980905099,0.7191332877500896,53.34503857922559,46.141070439683055,131.86359607822124,32.32756713528829,23.35772910056331,10.422739067655327,126.86637703039665
105.0294566141342,174.31696761801447,3.5104607783431305,41.871867056526554,39.8772278993638,160.0179869966379,36.92094543332556,81.74337302053891,9.208561418189253,85.38641794719558
90.36620261121377,130.8937945267779,5.526312426301304,71.29671870544051,54.676851828765734,110.06450486919023,22.899686415969985,51.10756732410388,4.467638247060913,97.65322619317108
23.543465508161248,39.9315776101127,1.0617607734743901,71.36501725464399,40.55965190679542,84.35239911690265,43.60041582866939,61.22605539551441,6.1573373688812865,18.6870278050972
135.2953743383857,219.95137839564632,5.410957293831651,61.751105745950895,68.67411117261425,69.93681226417624,38.71614515554103,29.74314619305909,10.21046797672976,145.31303202002996
58.11700974576038,75.79941549241185,9.771106288584273,13.432110191716982,58.88894576256225,135.70436902917484,39.888196205509026,20.23714935878474,13.91282542065173,75.20814878341608
37.97777655997814,63.244300436739536,1.5539321810780522,72.1083089523255,128.38833889351918,144.70421575338358,16.0267993599014,37.17030655505501,12.298201581083159,53.47636167253145
16.116271233214587,20.277221695234754,8.144407280755043,58.68103844263278,16.71116201538708,176.77416797525765,19.483712275492685,69.32102224933452,9.301000402501224,39.00964770103242
98.63394147823627,158.67487312824426,4.596710533759927,60.76193328034396,27.061765166482196,81.62013484297833,19.996930988925197,26.943617107901503,6.434394974747293,105.94239409253265
111.63465427634236,155.20696002000125,7.05173714524338,34.03862723230973,16.339107269032297,158.5590153294054,19.48182281364049,83.62212082705275,6.475769163127081,90.62786755998262
12.488174339178423,20.467957396533972,3.1023659798522933,75.34236449256053,85.10094339788509,121.04404835408083,39.939285673650076,35.051579854932925,14.191259653965941,39.48338869537837
86.81395874489215,141.8564693354785,2.0949226254135827,63.029728018788596,16.54111328964635,178.91056832205425,11.115967832300724,34.3215530004243,1.5886536406081961,113.90971467010664
43.97436627969069,70.4892689050681,2.1046261427122643,14.007237322335557,110.3727684851348,115.00617949321173,12.663499614327101,32.705557313504684,15.819739666303914,50.77325185439858
106.77591856141748,170.30921503778293,1.2049194564314465,37.622242752493015,71.43263568183133,113.1733691116341,19.587020472046632,20.978719907995533,10.965631162773434,90.8025322467103
36.15496435074871,48.89378892715169,2.35646704901243,75.91042895681133,73.24091494978404,124.01787465936364,16.995554112730527,74.02638279347642,11.217065486085858,35.97629272948877
113.64066071536989,140.96665325372302,7.142193849889683,8.77573613579032,77.39134092546331,154.8767639256382,18.115086485899695,81.2524171871681,1.5699675595711322,127.72551571524401
68.01030194508061,95.31576415194733,9.31690611843508,81.91332957136396,30.497644756745288,193.64428618912297,37.9280116238655,62.99138918313392,10.082939123369083,97.39194907854925
150.50949831051017,193.6699418202092,8.641256855911617,59.33300546556502,33.7228363737385,33.24140375883782,29.709430786221642,33.173998717590365,8.271670901356705,128.40396279853564
30.628141621898987,47.39630013187753,7.351343098744841,55.51007821147013,48.25807874476056,29.61822843038309,10.20197314525388,39.96945978586158,2.586683603411005,40.66454792284827
61.159952657538774,83.97566463396556,1.6043186341110267,26.64474051903931,81.21956989862217,188.75906073332092,25.026296799646836,53.31486881554743,5.168830161540386,61.21337044427515
27.021028186088362,45.606229191341576,3.3918744629594983,24.903343099134165,35.21413311282574,115.37761259327709,24.275972439762562,86.80421661363106,14.354716843204768,14.595438461889866
148.7040427417844,226.10242088306657,3.5980687532246898,80.36465755908763,23.959807255991347,130.6825426220485,13.988084430559024,37.314596027242,9.249826237989295,112.22032584614512
141.60090300714714,228.15307886680299,2.9995694639762123,28.861796338729818,126.41402637021186,106.83624828705119,33.664962601051,71.21521327439217,7.201248627608631,111.76789924660017
48.69124415727334,61.65588858739605,5.650056597097231,67.04042373751994,12.63781777715475,36.858341469345405,34.573401593282185,50.76137563050442,2.0902323376121643,51.709821278937724
108.99760690512686,177.77588612879111,5.855538148796725,36.44974385656633,106.3236886403226,158.25608811535997,35.23126266682342,40.849314385201524,11.711822911034584,133.5112176540724
132.58333003018237,220.27110659999943,4.068859751711102,16.14032566277632,104.56421794900265,154.50043611594563,35.496483094550726,51.91411559154796,11.542762350940489,124.84288452308292
93.28012173991935,134.65274362905774,4.03789158736436,5.857223815628716,45.66569366141152,76.10659786870616,10.001848942630389,24.984470227886277,10.210654104588453,75.6417196920964
89.44758675340097,134.45103522607354,8.785555979060813,48.540586961220065,26.27519392087761,75.12306414111208,43.38722813463528,75.90811596512538,8.653939693309738,117.49617143609521
46.277843635067754,73.23028655045937,8.392928483196856,83.06230548391461,27.47543760465081,170.81144856299332,38.497306846913204,37.0311349588077,7.5067660331105905,112.18302201146325
23.96541517088488,30.853538350163543,3.5779583168074565,34.53089550473636,93.6917940684631,33.02430639343879,41.63935938062498,70.77884862350794,9.899066394819885,31.77689090104785
144.58236369299902,209.82993205509933,9.637884438732593,33.575386719443586,87.13679093034084,178.59892670418185,10.547515335760195,24.78438600137363,4.500931775926101,145.09720876226206
145.06270857449957,202.9908195979808,10.02815017002506,32.527329427955365,103.9294809101664,66.1991041812646,42.685057852500876,86.85689893159802,15.118885962664717,120.82355155434377
104.96521859099019,133.6403513508614,3.767425420300408,46.64350698438867,122.49774068789256,126.7372545959889,38.34259850408367,33.511048978398904,9.831917937703443,123.580546297499
60.854468657305105,84.2084183796765,4.044249487930548,40.253190673943486,93.03128359199104,188.47895222032,39.302670003554454,81.79194533449564,5.667886665315648,75.01405535131332
62.381436191899134,76.98406671427173,5.556341534219588,75.39317013816115,28.702184386173215,142.06205027659635,13.265058465268897,76.6631246730804,7.745197763277359,57.04382167452049
118.8933518305359,144.2064542638243,9.911208125336735,45.44166333787922,39.213114011849285,94.59736624406659,35.85723101215092,87.75019468569911,13.085271833153385,95.25992449404262
144.56653899288656,183.2501080972761,9.263194331423115,45.62062705508551,111.06324770477374,144.11615760297474,43.59708413747318,53.452346266202476,3.4242409109544614,146.10570412485836
143.0629636397676,240.56860746281745,1.525679625835898,16.069727577644528,35.11672910010503,81.91633453694664,33.74915694963562,70.91781056921661,5.392534336903906,120.11579203325844
126.98133187864357,187.26759444167334,4.427307432714162,83.61916327283087,18.70267803453777,69.9065149428535,29.969649161861227,45.949745992644885,11.19262034104833,95.4459982485879
106.30474692314317,178.9014365148499,6.033711897497718,24.997831269506374,94.39360648507005,199.40299002824236,43.09703872121489,32.90577666137857,5.732338097233359,151.54660239770388
22.620994749257324,32.03695981649421,5.5313247255154,10.869125396768213,58.303162658817044,155.1422416123618,25.50279926070526,51.01531530534142,12.887525227921989,34.15378847536993
34.24430711419207,46.43213224929619,2.4386306793689267,58.0516999180167,120.40480630550843,136.04959592872717,30.975274820866755,31.60243107719184,2.9568023076604124,66.05016362213952
144.78312827906188,210.38015506237545,9.088167711681546,52.62930961254981,88.03060853123938,83.95213577947737,26.671840272302816,88.74312359504688,12.440292556819127,109.05253597217234
100.9643589489385,143.3447386854198,7.269407829968373,38.211652319419656,20.85027733499929,28.84894924790867,42.64961774761047,26.737254379850146,2.0252757227584937,113.06250822077615
11.379557742494447,14.256677978942813,8.879083748518037,38.77537871045425,123.74278807043929,25.59023768632801,12.662965436792755,61.244820641683425,1.1888891900124219,36.87213035410833
25.220731429904816,38.34593190389446,9.087642793494721,67.8051136837145,41.02687163682951,119.75262598078379,27.539189528887185,63.85246986778391,14.473352782482431,53.553086742818984
109.52526536620837,143.26113807374867,7.983558536657398,20.657011207971927,50.465498848754294,157.1658897870292,34.04333544849034,57.6655680011838,9.720088253984478,134.29626011211022
10.759237576932803,16.2442320955952,4.892106012497173,70.62026551559117,58.27124964202505,116.72825427989392,37.71672884477829,66.35301199982834,6.277403456302173,46.917858451166765
34.121207712624795,52.038272519496225,6.605467550154246,56.89976911160145,16.146915568517592,171.34131294904063,30.40565266054477,28.132654250832367,4.488919554457756,62.408335107177365
92.31006840498792,117.78879438176737,2.1036540611974317,38.517581902361954,69.58185066767258,26.016775956779895,41.81212104425089,58.851296694370376,10.253286748912242,66.50849182622648
113.784279653904,140.03144714859627,7.236454174749077,41.64228932670949,24.79821892903507,86.01537375666922,42.96970064093551,40.10487997891531,8.635032753051073,124.02939439616377
107.79418892539007,171.43380766764238,2.2925325573928075,25.531776574887665,58.11643920260221,62.67267041135205,12.251172811775422,85.81232443107396,15.873966632949777,87.35382735859858
43.64039641908397,62.40141208637873,7.439495905101568,65.16914661575798,52.08517455905012,100.50913426828197,24.082968883948105,73.34501574078081,15.748239799806186,58.95788976647156
116.82688320213038,143.58980731461185,2.7959816075396864,46.029979384421424,102.7408100111804,33.02775077494205,10.821065760240405,88.07601375118199,10.525368492124144,85.21613768205688
45.58736312452001,77.38150178001005,1.6755130015021997,30.668363419987486,106.38046139592774,191.74369548279307,21.529583008105504,22.62892488181327,7.643057591588358,80.15818862747548
58.80995472389016,72.27098175672683,2.1528449014295745,52.68400926087602,28.409545886690562,60.18597219248497,28.790387628971075,39.95932226264961,8.367114537019932,78.19853784867664
121.97371076770362,188.75646591032327,0.5199213521907027,84.65875616410584,53.986142485507145,186.01539958704527,41.87782256784821,33.67958106468443,11.237185993552929,97.40094475637528
107.4449348570822,181.7795808511047,7.687396178535303,39.820982372524306,54.80237932381981,96.66076790660273,39.629401286289095,20.780821111828136,2.5236181635307204,145.0853845959201
137.3835115741267,181.28991519687673,7.824010490583791,78.65531206228957,28.169253272330206,197.39434398593926,14.4624904335195,36.9628011172425,5.925281107160773,155.1962963303596
108.64193384505151,138.09744386526918,5.649333499132594,32.60134719396529,105.81442060614286,119.73050902283794,13.25606311593135,67.51431884643003,2.129083615054058,80.05857127042492
95.24629050032074,120.07628120168114,2.113628010553837,9.37861655399887,94.86739940025079,187.54991555164534,30.624356856483345,36.1762245494198,2.1004113927537933,87.59713963953193
24.051215174213873,32.5085261246265,1.3355433751068975,21.339368509474312,32.845814355644166,20.962817964960113,28.624129036057393,55.630241183783276,3.937588628413506,10.421769959153727
65.15737045891503,81.48078422136913,0.6912896643728701,38.49561146621474,54.00662903125588,154.68298511256202,19.323217450050834,82.1472680475499,8.278798818898403,38.538813465253426
49.78035515225882,76.96444488880951,2.157481769652207,22.57079428756552,22.696602982781705,182.54911755845276,41.48085795938423,68.56305442443526,12.77161481744184,48.416132579255496
46.59844650686254,57.36948631972504,9.408555349831467,5.018163057460443,85.38479165116527,45.14970205621174,42.45782433115437,47.624034893422234,8.282438367488087,76.09990894492535
155.95158321286684,226.864493559754,2.9153684170168175,78.20012301980218,24.56463094583436,37.30265331178727,24.091400341905693,46.072825723847586,6.032149158413047,140.79963702145912
68.96465870001407,117.12601961669105,4.042713272172157,72.51035289847432,128.31210023499014,96.423069293472,41.16058949897321,51.901506980593936,2.235294855051372,115.93063824527304
143.806983276567,231.09568439911777,1.5534548448133318,64.38337851895577,103.68184896254348,188.0622031039283,23.438211299204042,32.392900874193444,9.254432847746944,129.26454990101064
104.67079389958943,157.80270619055696,2.723613047481703,18.42516765168229,56.828625950079406,117.62958083427897,35.78858911403951,64.38005371911916,5.069028797247651,83.66380418952161
129.22169553124726,174.85334070781153,5.692245707802051,14.629086096798884,79.42767187352253,114.94216346991179,26.657977614170346,45.49069733732239,10.224012668757211,136.60732699745665
85.39556396577882,129.1136451569474,6.577526830956526,10.408379957790652,119.36101794596905,45.40270129387794,14.290410477751404,79.66557444834305,15.657816086986275,78.17160309428733
96.53558269395387,141.2818266440375,2.9535231416621106,62.922335101833696,76.49191364749913,20.14211199677938,42.477697043295755,72.95868620404714,2.6697148221632525,93.29136409181638
83.87765407282959,118.52262222746413,1.077321592251172,79.30463685503082,30.939818367754622,165.825216334183,25.89338076821378,62.735921486451204,4.181880980829099,89.94020913665932
39.286448169706674,49.71131102417135,4.410328691273986,39.44286567304296,55.44440266973912,35.76342133752288,35.707046411284125,45.494155585466125,8.096418071490621,51.20612514325966
118.3678172892258,194.51408362579147,2.842033709263341,14.531253759683853,111.17738380356944,134.09296737235832,22.851083505095225,34.69522821714391,15.529207230188943,117.94514569915148
52.11585436612837,74.25948086640015,2.695539232298019,45.991425658568524,87.30556191875415,184.63096181273445,10.660830750168213,74.33063048739359,12.577146644049934,45.80573030459955
13.647394964718076,17.70491910158344,10.098628027134552,32.90655259669041,88.08692612005603,57.55734436851758,13.518562554214256,54.04863692937606,14.473437897442452,41.79424972289731
106.82084438607517,147.8271954590837,6.66300485925724,34.985993947999816,114.0185782826187,139.74911052264395,27.367681782147354,35.73250267241502,6.005722727136893,98.40878054884199
36.56660191105734,51.45158119339379,6.0687844317209585,54.70644993245658,117.27676689550056,34.1657438073517,34.148752499422685,33.662223052800435,15.880577106678919,50.42801208456491
151.06878765293715,243.7901184935999,4.657751035233219,62.49744906097619,120.37510861353236,128.67592589077032,21.715736430274767,31.578063315095132,2.542492240962361,146.633800451155
153.0892865503881,239.86139492209068,4.789443334301443,13.848287909852868,21.381903190378733,49.50770977157649,34.34209607121776,74.40128373439165,1.7945935906915125,120.54166563478563
147.22965853306727,233.30783863899677,5.9090500383808084,7.847218464518111,75.29512023557211,152.47164089273204,34.45224563011846,36.029102971021814,13.834039405810422,128.68680171608494
65.52380503831665,78.98997125585439,7.464298070361073,84.54642421485718,98.86114254619824,74.22163306290348,34.637756756474076,56.86495844676382,14.908973053104793,74.71970968509733
12.318492479330114,17.34538592360641,7.521460961818295,23.618267913244146,100.83122141524166,103.41038158483632,27.238264890717794,51.60824526811395,2.358780363191526,28.461181187302323
149.2477843881588,215.01711534567553,2.2169390770544957,9.306441992676726,82.80594423640046,127.8974975649719,42.02101525425264,60.572762945979875,2.7014114011876225,140.72772130290664
74.22762224759715,89.78544523416316,5.5011275207662695,20.1900263276736,30.014480222040902,50.82921391992312,27.121878129321544,81.40084302598359,1.4976123663366072,61.969287351643246
154.99822285655043,206.13316024292965,4.619580950341019,8.116627707877138,105.69046647299972,153.49480735117177,25.759281772382337,80.74231730572114,2.567613439640861,105.24542640694975
154.54299656338793,244.200329637037,9.205269662693842,36.34487156937374,96.41336002179348,74.47526131462662,16.978328665371944,51.57532502774018,4.141297252004213,137.99474677445264
137.951418320104,174.99894116950856,6.814189212183764,69.19214275610594,20.336292585884355,139.22693478429562,20.767928057471778,21.07563755143063,15.551149283650014,133.6274420987477
54.16733381043785,79.49896186377636,5.825040664159818,32.29955598061765,65.65717896092515,48.490949125887255,11.481707238140617,49.85106640000122,11.017903333595207,45.127475931590695
67.76465929028879,88.60913191628676,1.6539464217891737,40.53467255026932,30.87728794261643,143.86117865714306,32.17373527656596,62.433547619689826,12.678295382778131,50.103622051338824
137.67050072752852,166.03893743024938,6.556378893234115,59.0469418853951,50.497245485556626,43.07385310588312,18.69875103744825,59.043533136864326,12.642091055372832,106.56302817696228
57.53830077344165,75.98512193530745,1.6720390568023342,45.71152560559042,12.169731064682253,96.56416932859705,20.64543390699128,65.59352740601439,9.026106246688219,49.53631750902563
35.42391200291387,59.793327413440096,3.8720657556575206,73.91565488170593,58.039584209290986,64.49709327299783,36.97850825825124,30.78530127311584,12.962334665695257,38.42395269035815
93.52018936875253,149.7041784871931,1.9284196481433187,74.28285400366052,75.98523053874526,154.70754489707286,21.452741410650887,65.25745691465127,9.937112985849545,98.79724649401909
150.42321612411715,252.67916182711954,7.420736470243689,5.792855639292291,84.34991113925042,67.16630081123742,18.476856220459975,32.78561331206406,5.718191464050364,131.8116694880043
114.40446950124596,165.19170494621167,2.562521138361526,67.24370451865593,89.6188414154452,178.70911515117132,15.9170212196797,72.53667864877244,9.416651631526012,101.80230972552566
95.50917551340474,119.85141754591746,4.41859373188026,41.85868801933391,110.35495757229519,180.52763805319032,37.12004407636846,43.736132928387605,9.002628792017703,108.50257469131596
24.57647406561528,36.22522496362321,9.456747776187786,84.10724330429305,35.8555488730876,55.35943674010145,14.539719029650941,69.69268033670176,13.35179580638981,34.95808999960346
102.25108400487547,145.93158830885153,2.543163833989703,43.65856607003481,24.457818692616154,130.49227010139037,25.881381608762375,23.350591923427494,15.725908260724886,77.75992698240779
158.50807751563949,257.1284019796525,5.578050639587791,83.95167563106381,112.18446062775108,35.789175509593576,27.742554062701803,48.55020179136393,7.165638481313958,148.24158576685028
31.012602285478604,38.73602077707187,4.69271661166022,65.36554889645893,28.793537787117987,90.47667792829326,34.05864694400001,69.35241655843329,12.450860176620395,66.60511380989807
87.74944785456051,126.72078252224455,0.6812404104572973,24.888390769064507,126.97120976034344,148.397911310229,32.16492188165484,35.88093614320459,2.496445060572003,76.6537261925159
141.60596078919332,180.55104561159555,8.427581135728127,48.07159834295661,111.10458752783644,138.69618443298492,38.37522355308111,75.67009313580559,12.652470541724329,161.975456481699
121.11529266313066,164.99996114873818,1.1904590631459973,84.37085115828663,70.1051927067519,132.44612049318943,11.566300187418335,64.15458131734525,6.571253679898482,95.31220066661385
114.55236114929019,179.6958304916044,5.2425502097695365,73.6024486201539,127.77057099064302,70.85735545923984,20.3754253672789,61.129324050485884,1.5908524433453,119.49772589550399
115.3726125980664,165.90686273233916,6.106782949389499,12.789351503297688,21.685207492960505,88.04449089819236,19.804694157138293,44.7484197943036,6.448692678432659,85.56034382523387
63.92367268296327,88.72248707206519,6.784264566145871,61.50975974479969,46.3678913410122,38.530306046051514,15.110591695723787,53.77160292667823,10.159641263824671,53.11010459509876
54.038776639674005,75.50503972125678,7.386316293078756,32.646366869665044,86.58692980487338,149.4241076780482,20.12123888497551,61.81445106844972,2.7887525152219985,69.11516361730409
131.40417332177702,187.87161938000773,3.032723835227151,5.558580950427849,52.00082421678145,110.69998342242923,20.841785995001622,53.07234797404233,14.860517386453818,83.26338274983544
131.5170092018771,209.4419250519745,0.5997877665844937,37.27847752215997,121.40470623769502,147.57781382221782,28.26595616746174,68.88193267583921,2.1650861990925785,117.38713558635648
140.06084778701555,230.5460862598113,7.7344366235491195,23.780353737997704,17.87513058133811,64.8098344634371,33.22965676241896,50.35878531748717,14.950100797497493,120.61428957345683
146.9860828834707,246.5937511661253,5.856565993475786,70.50954164163772,75.92941984731574,78.39888115431192,23.338517976413492,34.159122721942126,11.607062769035297,171.58973180638097
86.70135982914067,138.1544286162136,8.861177032072488,31.98644870766124,80.90395208741374,80.15876070682063,35.18145809596834,34.97536479607331,5.945682631213054,94.65116005567391
85.22744420307994,115.71359484801111,8.713883629006943,71.20189551630537,88.32737485326689,24.633633754498916,21.7657868502853,20.406263819005876,6.861255215636398,106.16410058423799
129.74427684501626,200.33390212059763,8.933261677878832,5.047835106783625,40.67994679981773,81.38861710951224,20.15992870601661,41.06704008910707,12.112140470991163,123.51614203072371
107.49458961666477,152.51349165765012,5.350946599795401,29.625532002089532,53.74797130238373,164.59482323324605,28.94158195499585,72.42423483349637,10.02206651321811,84.50254231855551
115.2950315886555,153.0351666131376,3.8362839583686563,24.293217144620954,111.24166355979732,181.51372923495293,10.830072610702672,75.59138961863266,11.074643821824179,105.33373647845866
129.36890041541517,209.63399630895074,8.4155820259137,23.685388885488877,33.39313227641918,113.27929681446695,12.792619327190014,34.1727279467025,6.8374692477022,121.84076743580735
143.50080127263493,174.9580674601997,5.01294113029255,10.454929581237016,109.22414166080344,101.99030513945964,24.628934025528444,87.13307978099854,8.317202227113984,72.2553780322109
60.69927352773037,100.207277142046,2.334421964034345,19.96994163284014,77.5186507483291,25.548431365886646,43.00194489871148,55.168195543608874,15.848012260568401,66.7964783473388
66.3374428959916,94.91154895385506,9.049740195614744,49.44396559084959,101.46250134328986,178.2567807653689,35.25291229451983,84.18851243129518,4.208843057495765,80.3037452958445
24.09729097613035,36.59416386989097,9.325598767723474,28.30888582701956,95.63288395161659,22.34183841665709,13.084429932519521,69.47356973031418,7.267842797831971,25.147596195294504
96.7420211494261,147.98404092280575,5.163097561401701,38.391582586331836,34.90137944618548,190.0550144378381,39.62113044733058,70.57033961156893,5.37734781360951,116.69340243758182
15.391341069511313,25.358140505705922,1.2569972730978747,35.14935042777508,78.25752837206474,108.05892476385633,35.630526971286336,25.953053491424978,12.476672656597747,33.74379130265843
79.83970271986902,121.22340234133448,4.378260899169312,75.07239399999156,114.12677833661108,81.5482088434508,31.383128399592863,35.39937888278514,12.46018938498581,109.01388335697212
91.3966952061365,137.73178460892686,8.535376594626033,77.42391992084124,61.85394841623152,186.3593182716788,38.71025362132121,20.617038330613084,5.386681914960938,153.15924065502298
52.98118781924266,65.34307752283203,9.517740285462287,44.436557732468806,125.99089242679801,24.390378759817413,24.1438446710035,70.12893483337163,2.2208547494947437,64.1005534482422
98.62498908535161,143.91397965547418,2.5347274249759586,31.412476025248353,64.26581201220617,124.65648107643568,17.752536779884846,44.1106801899957,1.1714901500830606,106.04588420501756
14.575037490857415,18.584404397465388,1.1697361202527152,13.54405632018909,27.134276400146163,118.80785440988078,27.920818618806578,75.06567612534428,7.411757998637283,3.8613138176222037
15.602228312382163,24.475478987285115,9.273504531328387,81.2722303505676,56.73216160932079,59.477672218048774,29.209461445771584,43.72553539559184,7.155063915036563,92.02807638087879
133.39008409894873,194.23076346600232,4.394049389788753,9.818155592023796,124.20428876686447,97.1997376430379,28.841423020346923,77.35336266092028,15.825848179597944,97.15712958219083
64.02859621168943,98.61133035748026,5.917609642675632,28.812022205462434,48.36650192078251,137.40752106987864,29.777582701803684,29.14887776238191,8.047031135465193,101.08355384229938
29.059076897782717,35.47638028891843,10.180658120507589,28.845296093600332,114.17177918404754,150.88361543874694,43.20467213837133,32.13612097302557,4.846275543631309,100.83454478533561
88.33648900822065,109.74890130657225,1.1656472791422285,30.632102891217194,115.75008180182678,20.129034567184362,41.5785968083681,43.86135777087556,14.368441615472012,79.84149988479088
125.49903296479162,195.54778580371482,6.983180074520956,18.142947461792744,52.02238291983533,188.63361741638275,40.650096279562874,48.594117221759134,8.366019244803677,126.04160287927371
42.37315412452648,52.37500528904974,1.2410542257486707,67.65291447389578,19.990918966075853,49.61456703070623,38.049588381801954,44.40919675900849,9.987634528158667,43.696876317179495
103.43357137285004,127.80545456597186,4.2546892846650035,14.799828957279137,96.94694909905819,62.04447816002465,43.019983754284986,73.45529227662539,2.4350306564231903,63.039262360677625
22.8021197490652,27.500593150020485,8.538145451934467,55.79253273225302,47.38147588167833,67.42522022489268,13.447312458779113,26.78659748387003,6.743746109946611,56.74393307793363
17.752258175291153,29.792739694169068,4.834722327556344,14.907682136465397,103.95083371090868,26.807624579366355,19.279314150600882,44.58519137469416,15.163355117106802,32.25326187574915
89.7031947352222,140.7222616759694,10.471823539029504,10.642851007436525,63.11858179125197,42.14938224625848,27.32695809791047,78.60679996608215,9.842580762631382,91.77429063618388
91.09526824151598,125.4040877969136,6.090592849466022,77.75436029487012,68.2320090811146,197.54298612994916,39.628707259319185,24.675795408352037,6.167527827136925,80.90935714578015
105.61448522473098,142.3966086539332,3.7116215263595347,20.210301305496454,103.34912880982442,76.7390127279115,27.680799903295636,85.96404553699502,10.385007709473896,63.65897319597873
118.91370005839923,163.48869255580476,2.7011132590475313,70.70001236477634,55.88359972739535,40.75419626102888,36.181215876955605,89.0421789590409,14.656166343671742,77.06699619832034
156.37781191938018,248.2226864041235,4.005205342861618,48.57046968857087,63.17528143874974,39.2584270114322,14.863596683712068,26.199772167755604,5.1098590070888505,141.5990828591594
87.4450522451793,133.85085651345443,4.225332737595508,11.228521568701568,55.142856252354655,149.50279418059495,18.834483454179605,40.38907655790159,8.576750777060116,91.35223541486533
58.443470941186895,75.54390102397376,1.1871367772396098,81.4358553150454,54.080861833273595,173.82235952587536,35.61216332631854,46.06804662247493,15.38035980867633,66.18130229606808
129.27792921530556,166.38776222288848,4.195741994267731,24.756893359351402,73.11358922817513,66.25141391152458,15.765690311070342,74.34739580569082,3.58594214947679,107.46454017468163
50.624837689311136,63.24043712521089,5.142385197392249,73.77162762820852,107.05593334013808,23.763712220342295,22.297457712922437,61.714876848171365,11.794958883950674,40.27754985852846
75.84571310584542,116.05542104775309,7.727377522388046,18.504800462765132,53.412197430707906,60.156203320164046,19.270319023475,65.10559903447972,10.217215123044735,81.94729495192263
21.768457201339892,34.44175543333191,7.06729484721608,73.31543057134823,72.9105664645284,30.17282434341632,22.24515929778675,73.02568759729542,11.195126967109523,45.48317554396279
13.802611512318627,18.39230025623117,7.587656552291542,6.058305032423519,90.4872790531121,38.61108859340747,34.79134171772896,28.2585299605918,6.268294460013545,55.347854127808546
154.39726220168876,186.8936369620735,0.583636818768571,45.942436525558456,42.332733556438605,97.67146157257562,22.874651339998035,78.32466198371836,5.708190602256474,102.4230958479246
135.39701807683088,168.03932106555163,2.6766739958053605,66.55540635372455,43.302736588287104,61.385306755093865,29.434216291277906,69.39338629261007,11.263145058825557,128.59854230191993
114.3961309140547,192.63507872317246,7.116842883998565,79.78364139942266,122.00957524281458,112.8702581345762,13.497615696904337,60.41392076374592,4.23314927656818,133.72757383532655
71.34294166214048,96.1504797565464,5.339893681797472,77.73617089651896,96.82414879973064,65.62887558629427,38.17561926321197,82.28147343481396,7.294821172885077,65.73515444868856
35.994148010626866,57.03674353099528,0.5531347566834595,70.56998956381159,79.26240114679706,189.29671419853057,22.946101897684372,69.0214447718665,3.82261969079377,56.338926050291676
33.465556400662905,50.611024628261355,8.544946424318223,76.05530797290433,87.72640653047344,183.0699142267276,32.69869556616699,34.11899738417178,1.1245726168499461,104.13243616099314
47.5364347246893,66.12174604419278,8.228095732903373,20.93757486696612,13.515933172410204,122.02509890188388,35.38863605816414,50.08217667529667,15.550860400571041,55.0252974570703
92.38399970591807,120.36190563219432,5.984191629935626,27.7347436569383,84.17235586740362,83.7963185577295,17.338132273909515,54.58300068550133,7.475544679846285,102.58844878106086
117.18938840500935,147.739866138399,1.1646332577627212,28.11748199368468,71.14106478690422,88.6064387662524,40.96362447336725,23.865233872528396,15.54024421629738,106.73055330496743
109.0296065076597,164.3628387603844,8.165150495325847,35.16431448013591,75.48996157353228,94.13341096600945,31.567848806243354,86.8246259352039,3.1048527965173913,75.33232558745925
51.99008454189143,82.5247393224515,6.3371358773136395,36.4656536308151,53.13085921969805,150.96427798428994,25.005379961301852,29.000408255781494,9.81050169186229,82.6409968887044
153.2297920994791,233.20840797041382,8.319599771579592,48.56442597237404,19.776867725553025,101.29501919339083,16.38173142523768,68.82228870587087,4.014610491868594,130.52630372753563
120.68453750436528,176.8210788496148,8.017469923958405,17.79038106931531,33.20070803344626,174.21139037106153,42.98053282654224,55.43617252636161,12.851111904449121,133.73642989432173
93.15310787671011,113.73767287299572,8.53002071957837,60.299733102879145,124.08936558552061,189.9370614674656,36.42738714460688,21.79425749190958,12.755544831414628,141.6806456181249
101.75811193515284,171.38552904137774,5.6800806640462485,18.40532314436052,59.04394747251207,80.47030760820809,17.28085969566371,84.73232331050532,2.689107235589677,92.7296943275373
72.94000936416849,116.65712154629166,1.90324518193515,29.8246785683638,66.0019786997037,120.92500664762242,21.819877115347857,79.62857661732532,14.680966793145837,81.63893956784844
47.15964842517362,63.496270261188734,7.211574733796887,45.26761044849232,16.32517478241268,37.1101766298616,38.33859903308256,56.69805495326849,3.919444708048369,61.67523832786873
63.39590179768924,107.13813353956853,6.704737850519706,68.71524492187818,14.50794754527767,56.084428597944616,34.348718212536866,36.02596352976117,10.194660123840405,91.84983462522838
123.67691656965536,185.6317294567179,7.922531871990872,64.15753865909818,96.06177364561093,94.42383800782882,36.80245024505035,28.513602347606597,15.784504301315561,148.330579681138
12.159023294463381,18.131673287538653,2.198810060507353,56.64274851284178,74.57135969453336,57.116488862320196,25.442038577452635,45.43747356024886,14.235948021495457,22.99240055949107
27.410896076037435,43.145753380551824,2.449751999002892,17.461860846413614,71.044718105952,177.78088834196916,35.07666919247584,37.87997967322633,15.348458928417536,60.0217930464909
16.900396303262912,27.140091126785034,9.404095172193285,48.76362764924622,39.17494365072024,48.49152609063765,23.52728030023698,55.46838407044091,6.138981568271792,37.773498251701
16.10932034784552,24.61889651091996,7.999777984520708,11.995720143990836,99.37008779559066,102.01894787955655,17.394202092836874,87.64865072864002,2.5836346332919504,31.302174819872267
138.3190876016511,174.84194850349397,9.58228488700323,35.189054143732065,30.188389493019024,129.0258632827776,32.1436962194476,60.2467445260749,3.8252030993417514,115.49299471889162
115.54867890700355,158.20159640581986,8.087153211639208,38.08132242319673,32.792169239322405,144.53550346895202,44.160487395957794,82.29517391230685,8.507423426149208,119.77310564210816
81.12607436309878,134.9971804458518,6.471553059903019,8.184915155660306,65.28546056179306,88.95248655077121,20.871033998836538,65.5615186247044,12.898445174099832,80.84313740926666
24.675124097650222,32.38135796543861,7.0413273702787365,26.919047957597748,44.353583453432904,176.43783237045113,26.13393572743889,53.26725686110403,3.2523046627581285,75.76119657288226
83.74238126752485,116.07393392373034,9.391279239400099,81.45195738131915,39.69555774797756,122.29744719402659,33.590047987444876,79.82252939133599,10.895972983911356,109.30125796588541
81.02076561708485,114.72851867129296,6.2880675451194055,81.29060862637516,87.4285173463998,99.11140048055933,28.952719874287077,52.995767712109824,5.853664060592678,94.68856071842791
35.98028048650228,51.081293971990256,6.823913243283874,33.18616434020314,88.11660942622534,32.103314129366595,39.519972849816725,80.80397193572527,6.118031085882302,35.03170239091105
75.07774738569596,113.1023584314441,2.0647671600360056,8.448008715865925,108.9420483759915,103.6441043201297,36.66099472643306,40.41037387030357,10.928765952368895,85.3288171756972
69.775710159606,116.63274534802838,5.239212201161028,19.327595146254524,60.1250280367571,167.73245134683145,12.040402135182497,29.016915163409166,8.004991292998303,100.21178801761769
102.37751470783247,135.17377847224915,7.66397111958099,36.37742347468321,18.77021092313803,130.6173832798368,44.944743187332094,79.87201250540568,13.180499395389909,110.66719081061731
105.26404763014656,132.71172048721,3.209426983163654,80.82237583753839,42.83996619057492,169.7892416712413,36.33408588018135,61.11906146548667,3.3387776449424056,125.08998651815405
16.795601465806676,21.81303958344057,2.522541805245349,16.295925082974794,127.60065558361804,108.92210070787502,40.23661607029396,82.2364678774272,12.849224046505578,26.73478377708308
66.19189219397069,108.78388932216491,3.6382680822441555,66.08126749345698,81.55102902792424,41.32310691700673,32.79191992333712,85.64790448946682,1.963528720861313,63.479423822770144
103.87898735713546,158.19787145001828,2.9150062799283347,13.694603149975366,95.16845017612243,22.45517225045859,39.96997948163668,23.753987326001443,3.910808203684075,94.4293674843909
85.47043878701315,114.78281590864432,2.6491263703639585,83.50060619130215,10.882939555049745,74.5795184093464,13.933404122504829,55.067851130120786,10.842245717547481,67.09755768173521
138.47347617824835,222.66167592189075,4.74850842868087,35.5293199287308,72.1846878619025,145.63828486960264,22.170824244576046,46.247518435217046,13.823884847666069,126.25213297823801
108.80404474284175,177.42512350364447,9.57838513883534,67.01876311192449,14.503438903816374,162.24678270950488,40.67473302615724,63.8100877949082,4.790194416090236,135.93198371231315
34.44016406221445,55.90524322741241,5.570596467387183,32.407286624890546,78.30762545097376,73.2355102316593,17.05793239434123,75.55138380416264,5.907874087433694,40.88210016496896
20.58531211006448,34.16056928267232,2.37920380815323,55.213510172704694,120.49250195632905,109.21770575898448,12.738473450300795,39.641315118205824,9.0568112243011,38.68387468680321
106.36289173094734,141.0500122365383,1.2697166938087407,20.36128677920294,126.21029566004894,95.80140279813469,37.58416289808267,58.975886906122014,4.173592097339535,85.92970298856257
13.97669658124327,22.048531869593642,7.461561451379252,16.681681543757,74.8663210466709,93.89410118325702,39.24201544751537,69.61100059334296,13.167343923812584,54.09148142508724
97.8663371910195,139.97526149423018,4.327987644363878,80.0451311654505,64.9845766302659,61.642768376027085,15.692827636646522,29.41017579850138,12.604549675086412,94.88254655615171
151.03453621374365,244.82687392068925,8.718309465853594,78.41178223235468,123.40205130981929,44.54679890530251,39.90210939739504,76.98468341658868,3.179375679486724,155.78626013941377
96.32112668138184,150.6698734182029,7.095107686407702,75.99751521703058,90.83317983960342,55.40394048161836,34.03687284590094,62.42767198970812,7.957445977249482,96.68382697559356
68.22548893097829,108.35734005050061,8.462414505413685,55.03467601332748,17.787913544609136,29.959829689402298,28.202893912580436,86.46762059795563,12.622416499819321,45.463413745314526
106.49323276635297,162.7302769759077,3.2194603941844875,69.66145689730226,65.8870693200997,55.66353352824387,39.058756747348475,43.767024339148534,6.059942966551222,128.57678809063475
78.73793357372749,101.47070762075998,7.4235892246105815,10.522954952909993,38.82940221571647,21.6561615725683,24.6737237261638,27.570215963603907,10.496602340765975,85.6751780726048
91.84251839739024,135.23934448980077,3.140619846937188,31.783123351254332,66.37651857384179,132.90651211447607,16.7897884678189,55.455084072584775,1.753196821863591,63.8995512853414
151.21972131647877,255.91440737960744,9.890684794502915,30.096249980572498,64.6558686407634,76.94757332978293,19.96984368137148,26.00675401966072,10.130331407939769,165.5433710992428
67.91539567011614,113.33001552043785,6.863742815333744,55.85162575620906,79.85737633776904,195.16604805684355,27.68074064026602,87.86685663268048,3.289794700009105,104.9891712448461
154.17858457358713,188.3425342262732,3.745118001753421,33.47662187765124,52.81245884191015,54.86906913973362,28.596577743561152,22.707947078003407,13.45874987671677,124.94948744128187
145.80259629340955,186.97832957257737,3.1951186229227266,16.880542531494463,29.712453934711366,82.2491426557269,38.19532892544318,72.74527307751157,6.331741953707177,135.21065375219422
39.36867021839447,49.835397582276485,2.409265850716435,52.71736603308349,70.44633215079475,84.41140855547597,37.697345327831705,56.75716786995708,5.223307940922936,57.22939471358562
20.404195131274818,31.891552029892427,7.446409588937278,70.15071365352652,109.62434612149144,21.5212692912429,30.34782950216012,45.80344567488021,13.613334650672275,29.806246223442987
25.116700206614,40.41007472962871,2.687156129979273,35.56987955679786,89.68146736811228,171.05743154710262,37.327491917791676,24.608951515605824,1.752160346077153,72.95640248662751
12.733273847732459,16.6392779656976,6.453032659274891,15.581497207878536,50.6041439110259,25.75900282597845,16.712071040278484,63.55168469215254,6.949131990015172,25.15848641111167
24.16644411338926,35.112063352981025,3.146350269253573,20.735055785025843,122.26276273106286,189.23237025126346,11.752258448265302,60.96542305736687,6.5500531086254705,33.68481987804903
112.45101601245352,182.21017404724702,7.119689447938686,23.99866441355072,119.46490854990186,180.57338319685172,40.577183792214505,39.66182911473199,5.2720056137432625,149.16095961880927
20.678297269034346,32.39050081378327,8.649397285405392,28.991807439562898,35.121807926091854,116.39394489547344,12.644407281696935,83.71551909872184,14.676314980022156,4.6494742590288
57.846344544064195,85.09883355962302,8.280252431446531,56.42360564050473,14.730110214443556,117.84720348403258,18.634095041039906,41.28770051399859,12.263925902750834,88.69843309557473
136.73129664541818,204.4370585685298,8.108513309307817,53.07563876301752,98.95704500209146,137.68002613210814,34.33616323685346,51.48077874144743,1.9588474628790817,138.5154676992767
13.490790360373879,19.618041215414927,2.377224056922521,60.68638892536313,109.31323136189839,89.66900214827966,24.33067781695582,58.0633719143059,11.720311741524311,16.04866431203358
132.17027238834038,178.2678567957771,1.383849469845187,34.00015876252105,126.14374791416263,136.500011011614,40.67098894704281,27.016231472340024,8.909486996931909,127.4332922806447
52.27821621600999,77.50303041395424,7.489488284873856,70.91981215039826,116.78036729059728,28.058309963927638,20.429292813179433,85.25132034495427,14.513018416023689,63.52562646276764
27.724724143248437,42.81924645473669,4.183472137943513,21.32701289246082,82.06417218476977,29.728572922950782,10.415497133427575,46.217530671572874,5.694184260225377,35.828484717681505
114.51057480462259,187.41504430818216,4.8234622640334734,42.52325980145231,73.6062807054857,102.30147553151798,20.522947419626043,25.654544971204054,9.612429994143744,105.46216890605527
104.34142701698259,158.4054863567605,0.8114909279339106,69.07509772331443,13.340926151510356,118.93201419908628,30.232626721469106,47.110382157273094,8.511329121114791,86.02349560428615
141.62080202905796,223.84028369369022,3.095764492750492,19.412691818609538,39.59877362137334,179.80717526044742,23.157843139115265,62.01417829648065,8.343413593414086,104.86047168480644
120.26065657058287,153.93794784368126,0.8367640387446402,13.789049099262636,65.15377020795117,38.83891410342133,28.720546451556434,55.95568702749307,7.841580992758189,81.79987390810565
130.5221395577273,186.74830201433872,9.291857726012477,75.69471741503918,85.42046801002815,168.07662689490007,40.68093415922566,68.61793818260918,4.084442132984219,166.75085664285115
52.30518588569597,63.01026911767054,2.9339668321853045,32.43437302073567,76.87021999820928,57.80852071257252,41.936976898062895,23.883875944753743,12.335648837385891,64.5299212295954
36.61593156695842,48.45530609151948,6.0733716957300805,59.70960999272256,99.11631876180286,90.93505673180573,19.309092262893923,39.91784271904393,7.77004049108933,74.87350272480087
122.59221274612875,191.63992986088002,0.8897932066113041,7.027888341115078,43.5720317064449,76.98843826893432,26.174916564446526,77.34614037880715,15.377744125039086,102.55692187360935
131.0252108900896,222.20630708732742,7.16847391305658,60.20375107275597,77.79431291829678,92.02794911577182,29.220040533450792,25.59255814539526,4.912126407891645,138.55183028823032
158.575771300101,198.15454737918168,3.730273457540939,30.288104923757643,20.577069206895054,47.089189653065404,43.21893599108865,79.88401682871702,11.241157594405617,111.41461806863353
71.89265153671397,100.70342731615024,9.479191869576658,9.45926828699534,59.639862829984835,110.64261339263989,44.951606170753465,26.43272644539744,15.110756194586626,130.80773266398302
65.80271286891747,105.28667555673468,9.381181889340358,53.78502092384936,100.01929995455212,164.2956661696461,18.239253709453433,78.41179504241873,10.951874845241388,108.52095532343938
126.46194411129953,164.6557044451361,3.752906183617478,24.264305285853858,93.20810241148529,99.47612186820145,35.44429549710354,45.255188075510866,14.06909361426092,85.48695385255076
61.120531037952674,90.30818068180858,9.509608956904678,35.9445793641504,128.87712846066148,108.31044366167583,23.23108717816183,62.854634428005106,13.412214396355091,87.98572602362204
149.6135988405347,234.37503601148896,10.461576734987789,11.446464982921087,43.34693511853072,172.77816535063656,10.283786891017463,30.702098095359872,6.401765732335058,152.25290805395807
138.76191277645177,209.25195499202528,8.754156641239481,16.773060087595624,69.78271590087749,147.09046063484556,10.323838285256583,24.63181052076266,10.001859099092448,149.9885880694228
74.34910410625275,96.20866021173936,8.948713477552289,28.8381788396675,49.54364965287961,108.28179353356126,26.11981026467895,35.115674281409454,3.343920097170334,84.61117052000462
122.6306601687246,168.94731433832436,2.9900873610908993,12.18076004481257,62.87237368710097,66.38521667405234,27.091721955151712,28.949767253608687,9.032888240433993,91.60535668980062
123.18143111270236,196.09201418888782,6.267023988577563,77.86610117490522,112.83401558432658,179.286814432094,10.789939380070493,41.868412837574226,4.456329577215058,127.31236687405583
25.46858032538989,37.61997763728392,1.1725591396736785,5.483763454718273,92.10508902261839,123.86367230430051,34.04245958710059,56.00682725577141,12.156052224286684,25.563957371946437
145.382936001935,174.83967148783407,1.4491793682166971,43.708817509144914,115.8929429617098,59.80656981992481,20.29011860082336,61.213162449550666,8.920876328381869,118.46919271250229
85.78785586717858,135.5873098593867,10.488926120332906,14.859796650604116,34.421332999826376,68.44155547484186,29.59625855375823,75.29076751658201,7.168410439474908,74.17279409789631
133.96861991616123,163.12765064375026,3.7663924942591094,29.61432715823588,114.80333414097257,164.56395600852426,20.53216756078966,65.93679252738511,5.031956442504663,107.01130603546271
58.00744015459176,91.23798207202975,7.981839120488464,79.08476478546123,17.17147290140613,27.946201175741983,15.849701020425751,62.61308275906871,15.980477227619303,31.29193000611725
144.32848427443008,187.80603730115922,8.566650530268165,17.935564261918948,116.6319136524583,198.5765936651876,24.251080850960633,48.82474192400423,2.07565781327399,166.12809708070625
68.38025181012446,114.81295508373209,9.080232710072291,82.26658557746661,49.48885353528735,43.46330234866252,18.129567767667524,53.16659044720971,1.6534102085863003,110.04812337029699
11.625647722044754,16.08955204506496,10.476282974021565,21.463550159153737,47.75051600968798,163.29233457144872,28.718034192170883,49.016458057312676,4.258861007407968,54.96172541189078
145.80729646288955,198.80326330871642,2.914964852568678,64.32528867734636,71.45062920383967,91.05955701890292,16.9589985600268,78.95162210429682,15.566086879417295,100.60018040147352
23.693001517920035,30.195404222767426,0.9035082685969971,48.73418119178494,122.8828225267878,108.59891299174403,27.794209182561946,36.10003167838799,15.688572524799767,45.99967259030163
57.89704563856223,78.32324537206166,4.61191517994586,75.75829820774074,15.733763761768644,178.51710394362402,15.508248020410365,20.400465207937522,10.82391602158204,98.54012611260731
152.50929505762073,249.8598489182174,1.8008066982894695,49.319460440250474,52.267717008489434,94.32401412605839,33.484114832002476,65.59239280583675,14.20160000809607,130.26742086228467
152.5910720406334,259.1251487934781,0.7242588916205512,47.7647375325047,112.7886386420003,116.74887566118221,36.387818955449845,34.1723528547182,4.209425962611931,139.2642310240978
96.01568321849291,132.9005654659402,4.1042682714148615,20.63664002947199,57.52653729225601,28.87393923365059,13.863798198747682,82.30805954168665,15.580631412649353,34.52737237879299
104.77558182546989,149.23241812624053,8.337382510752365,18.2983489641327,33.89882771164804,20.422545296141568,26.37308442130687,80.13324307946593,3.1417727520934697,74.85201067827859
77.26682829674796,120.61625955618884,6.161806912250709,78.31913208924114,60.975301759769415,64.06397714031067,12.480509522920576,25.370916034974414,2.516877822724874,95.48097111755834
53.98161575470968,88.69707895790697,3.6277798921035407,31.227055908002725,56.26630017900032,142.50495672537812,30.936385593970083,27.447188378985416,2.6831730887090934,70.03417081072438
59.299681805487396,88.7432883234966,7.043420054927197,34.766580397031674,119.84994417600441,41.82768080464461,19.25415042753759,54.662011457266644,9.59691884908847,72.45699239647493
110.87776841155576,154.75906993873394,2.820181803088107,65.78589267427107,101.43212508917165,40.477152584818896,28.466855989354773,62.64558639385483,12.714616010770785,84.79647745453394
122.85617941565201,172.77398675383998,0.6438144607208502,32.105878593824585,70.61386668928077,93.9729094464626,28.111135328450192,39.24358362375685,6.500007668119497,88.11356187502565
128.73685655887726,199.26007464330846,8.143533864364274,81.16499573112021,128.60446800658855,136.6106669494808,42.35240211678301,70.17584016895594,15.668439816791897,124.40684468305552
128.4427214191831,154.33794697080864,6.737430848640091,64.03422151990402,65.8333037531108,148.1729586046275,29.217912789905302,61.644121464321,7.516302071774942,147.0007259103495
23.680915457303556,35.75331990808087,8.1230262450096,52.7943394058736,16.988539698433026,52.121121337707464,30.404946790141047,42.73768768239883,3.2567282615982442,68.9328266328884
84.16304570538722,115.9553420893255,0.8893801668766561,75.4716128435802,41.472918617798186,34.325866526967644,24.057859401753312,21.776004162962092,7.98950122279205,103.48734439283734
18.633814002496642,29.760039479144165,8.871196278306522,8.96847266795862,62.328457626317515,189.27146611019796,43.21778611139859,72.51051969089625,11.185557481336598,65.53094028028009
92.42933234856034,115.21273019503117,6.695262000363034,25.5650153751367,28.828314897534412,66.91994886117831,37.201506830386336,35.032756607755786,13.48338670756568,84.36398959925255
76.22957520600656,113.8946947195508,6.133953507126401,42.2029067376728,123.70781515888515,173.6023695695703,19.989185160599455,78.41316204238399,7.881524349348894,107.74962235664294
143.15562741374495,206.213740806819,6.746140481145316,23.158283157721684,102.02186773813277,175.4284610833073,39.547335502168124,49.42031820379786,9.904102390737512,146.49046628302818
62.6372518828118,95.2814551378168,9.144332468683642,64.51241498417215,42.194464051332716,159.054066517258,25.13387260647815,60.39542098422358,5.0101706823828005,95.09870450764494
27.56005246414088,33.965747190188424,6.36936506558907,78.53664248429801,80.8965440221499,50.390049197462616,39.00335002367579,81.10641112863013,10.68874789608271,47.81080898531712
31.44875230792538,46.858386006230326,6.309503798881793,38.90160959447387,96.57389885314865,167.92426266575606,38.80108239027257,80.45361006439674,15.789579159255156,11.593978671276062
124.22659475762083,183.94757289469374,10.406791570657658,32.37060800895159,122.95347146881576,158.4651006634856,16.610456536699903,46.00637026705013,1.7358035888169079,167.88367511013715
102.73270949743916,152.07831670015864,8.06730167068568,81.9240585710053,115.79624190104927,127.41013821911908,34.53993959842519,34.62222249003902,14.297960060577516,135.12989314183724
25.168401418418537,37.796491624084396,4.922938054511353,40.58819462620327,71.82306713658565,80.6963663304115,20.172503925728588,74.26022544100164,9.434237541512841,38.943785806729736
22.616020917249614,34.78873160977959,7.573970000329277,44.123872035942654,102.9583143751621,67.25154876797794,20.412243449743386,50.31561425214918,4.781479893434499,52.72524440996993
115.145369718868,184.51982165657355,4.392304716917884,33.13198978735243,77.4573704593102,41.94005817446461,20.372182690820324,33.44293954913029,15.323345650138869,103.39451796744785
20.91445095462903,27.918917254386947,2.78875462483499,77.76387784097108,76.32446680546481,111.75627204215685,35.394888664598184,83.30977396220052,8.250314545883484,29.93355973738023
133.27900889355345,214.91569451076887,6.468518768877594,50.51643866254806,23.769035000583028,125.34695759177237,18.043911462738762,33.86729359687612,5.975353775100785,141.51953874166068
115.93633407347443,168.00656950462064,9.781820981139514,65.97396697453158,25.136518961938247,84.6810182928417,10.031704233613159,21.806501773386174,3.7224644240626175,106.08861412494383
22.202317096284965,27.498216689659188,9.791395200154627,69.9445374680709,73.54403380269488,105.56463218255634,35.03328987189216,21.4195981637194,4.666783153849931,82.30566844645398
22.725657112778787,27.936092706151168,3.919052781054903,32.34792335338065,42.26338539748079,85.432602326468,15.991466034229385,63.5620749517985,13.492735623871638,30.612951095952837
157.99593677517632,215.99927226448358,5.776774662216949,39.6955465056304,12.524428295256236,135.38109031772623,13.656883835774213,66.31725425022712,10.216150139757488,120.25374551043035
66.14061936341804,105.32552933741515,2.616358985698612,72.87774195250117,96.74070446802547,182.2266574033814,18.313064220792107,41.772919353988875,14.69868429232474,84.62755380736692
65.59632206003363,101.92621972754573,10.456311094988834,34.06042813406482,13.898391602819796,49.50564716845008,23.296518281294638,42.400769247294434,4.479526782366787,69.91656520877763
131.91993508862538,210.32093958110167,10.311179078679357,68.5148106761481,81.43322093248655,88.65358578256222,26.656721461562025,43.76457405419599,2.817078607733522,136.50952552553161
152.08728660757882,221.83976754922804,6.995089297074474,80.27938580595497,74.70325529527773,45.356348711155036,11.559951424942078,67.61109827312151,1.09131296463385,138.41035698986047
157.90015957343064,224.2339374987349,8.544140596774733,54.85682984544056,126.25776286933653,132.48987867340975,43.970066641957615,24.069365371878,8.617930564239906,185.7906858278734
123.00672778884125,156.67689975377783,7.651001612837,64.33018299615111,68.105576721717,151.19669170794725,35.06220686968453,85.03814468839279,15.974603955729823,86.18782222840706
66.43893782963737,90.62911437215811,6.431582190394682,69.4077849632908,17.632172365335684,187.74429186754205,21.311792286351764,35.57647309242125,11.424479032279585,93.61863926153934
22.525107504800314,31.918295446876293,1.033479969888977,72.60317191173141,76.2025561367754,70.19694672697369,21.154404004988905,89.97712436694646,5.625918879477191,14.95987515728065
126.57203738911552,157.49361331598874,5.04764342552661,36.604267028543674,110.93154047393217,191.03801705577743,25.698989227896078,32.00658856510309,14.152878745392576,121.99118744116817
93.76063746037076,122.85512361123507,7.247863021674105,9.101076734079854,129.6219141137728,31.387280927721463,31.918568796706154,74.00825201186643,12.725833989819396,64.7683225351411
73.63330138704644,110.38461335203061,7.275316138836846,37.15010169893916,61.6411808426887,128.54249540562586,15.123057330613872,35.638878145073754,1.231227491148089,81.05769914747327
145.9531577642104,228.82996660398388,4.231226184223836,58.90049838272718,48.4358490996091,30.283889481799395,16.61254348177333,25.65927611502778,13.252907208115337,138.0460266175431
26.679622345922702,45.33331410208507,9.916919866580306,41.028030862463424,118.79839563423987,180.87935379715006,40.08021039917428,81.24533270454542,5.50790135857744,77.3643858421003
83.89376564362887,139.81371434169574,2.17357032236781,64.91705206883188,32.949055489134565,115.36563027260974,18.96892233611754,80.11258814336243,3.2451019687540166,69.7229136037968
11.70304671511286,17.803641331968514,5.503594462155606,33.55859435749311,83.85146980395119,140.4827031373033,23.306824929131214,48.24992747147209,4.394962596056119,44.135075643468646
80.29909629911894,113.27183455758127,7.408839765508228,55.77953128832236,58.685730901713725,169.68330666388147,40.4945147832541,69.16772997782988,8.028697065627085,108.6165162932373
18.445491352275603,28.00189166235032,7.471358058918092,19.913584388317965,14.929883794666633,47.055912047114376,33.21017402899379,58.9946152878742,7.373018906020166,44.19397103832895
27.82268744021079,44.316694631624024,6.986389567688155,64.94955493159655,51.67461691668373,26.94648114886409,21.959915776959093,79.7069279571624,5.333309490613401,40.23195255465595
27.628937016565732,34.789476002780155,3.2528821345186016,48.655677505042064,41.82742270032095,178.19860626431338,33.92948410036173,42.05391785230581,3.5832748331054907,74.94540442441262
107.38154531740953,150.8659646252663,2.0620656868662195,21.325151083728045,92.33093847321842,76.68798094260785,10.68891253834948,56.65706799992896,12.43346184463254,92.37017866384757
121.9067318898135,197.47685430549308,6.8594032682671084,28.35289387982458,123.85485972303017,43.21620342688975,35.74749310039778,53.97606598431853,15.851646756023756,124.99650360583132
97.50531476457394,135.71925411511222,6.493021161394378,64.88869668654658,42.16566248543653,104.32302267567557,27.04556141806838,44.773407837980116,12.666873706295357,100.78364936838328
154.32588227118129,229.31840512719745,2.2935601028924095,43.60809885292166,107.37591269820182,127.69509362528338,38.461375154956144,82.40185451894607,5.439054515073118,144.5417337394049
66.23058692855561,98.94085918852942,7.551391455705634,22.282515231445778,16.643178032609143,25.574708616051822,43.41231782022639,31.611454726377485,4.672134421182001,89.6977732081001
52.85681294227911,68.30358893282359,5.051719917336564,82.38169522962382,74.57452120477758,69.4812184862758,42.40259923230989,30.46560476644873,4.2649881409890735,101.28305971955325
140.28986922841904,193.75682444375192,7.1776059160315295,62.21000158535104,18.46600764518735,25.903977369841282,41.82427652093693,60.38366747259259,3.0504261173355443,144.01874684341496
43.5393757779179,59.52945728474676,8.873670797701507,81.57078660318369,122.08395893567672,95.66037005518982,27.92594845768605,66.02459609894595,9.269958245384519,61.41852533237094
154.4833809160917,187.40353515076342,2.1972842857692316,39.168403628827456,101.96215366688682,181.11800523192397,22.60497399486283,33.623347802719564,10.081005579300163,116.91041932015207
11.823171203472452,14.330817127267679,0.6914486799683668,43.00802725533764,88.95398934455108,196.87743406884246,26.276236365573546,47.35022095782369,11.582539909947059,23.852401177808495
155.48182400614584,251.23507549298918,8.291025863957868,76.83641729480154,108.86756579495972,134.66855963065296,34.146360115967624,86.25946900851206,11.20320056400502,170.06675668494125
16.473986792586416,22.018066609570194,6.596974251526159,47.003947219630774,87.70237546841958,49.09478488122652,40.93992219049154,37.263219588347184,5.384999669250737,32.85279944320865
143.67146705471066,209.62232866336535,7.496395696221217,61.58231295245337,126.27332766091494,183.05289019987504,17.244520605004183,66.78524914821759,5.954665080952698,151.79652270206253
89.15516636294498,120.30266374062059,8.881549749886425,25.173830199642396,95.67495374377258,112.92460817601088,42.13676054615961,71.81045755883136,11.222718031635068,106.98849421140287
158.94471941789504,265.49166264002156,8.528109348245005,40.738117496211245,120.95903314986961,47.67487617852525,38.531308118946114,51.36900896256117,6.241714611754425,181.53595745876262
21.06948471030983,28.01500620054945,10.109201469288246,14.875989264828409,72.05582704127656,185.91080050129904,44.259960531238214,85.62681907317081,4.189347844289696,68.18199730427482
93.07814266019811,131.68960024775802,5.859350788521182,21.478402870156934,24.04772955782352,156.34442913015855,40.808812064859055,71.56597146531533,6.615042305451094,75.90264566823168
155.39538034286485,254.28358101682701,5.384956326599053,5.075473221410487,73.38132657076206,151.70694909016729,19.797806539216733,52.054720590262846,5.081262363669665,128.26703866148495
88.46467662552232,143.39830231383175,4.518871998907301,8.141204131892819,25.224739367571196,147.65252668299286,13.70845689704167,59.85346412432658,2.324690818278667,65.43955806267006
104.40979572028938,135.00716037464028,2.036910428442045,83.18270585415435,81.09921750116861,56.061167797359616,13.928437519705602,68.48294103975704,13.452083534149804,68.65803618195464
114.36230334769257,183.13083285465757,6.226072328820225,24.388295610940986,67.89916726331955,57.98120450735469,20.192816150239665,61.453312630045275,13.796670837355546,95.17514052004071
78.18115971516599,111.72818274392412,3.2701252432597876,58.064856760320154,84.70904773993381,143.8927397169059,31.496430339458872,81.50883086782531,4.296254502503192,65.37532283842602
104.13371201260952,150.10712513352703,9.713075122129755,72.12797590396892,11.205637726579791,59.550095019871435,38.15121141340104,44.98220635962808,1.9715829928780262,144.77251212267296
97.64714678846504,123.693545376068,6.3319080427709755,49.05283673892514,33.38085899864369,98.9609054245488,41.47376074435476,40.99200180390635,12.082411560267692,82.27952387557528
145.17370157364834,180.05905194065855,6.428401805081101,17.251560006716495,68.95965182945571,160.76032860690944,31.831368452923147,34.9687222646685,4.172929387951205,161.20450387211562
16.81695705121868,26.301210492098264,4.0492466087701,63.24931498689331,124.06042739069618,161.11145325761137,10.19709594618188,22.64480776452166,6.901532341552904,72.70067530016442
52.14447843883455,75.51722805395639,1.0198935197770749,53.02011280796664,56.03308484261901,101.58711905465474,16.521087178148672,23.010977506603872,1.9620287835607488,75.9981204121588
152.56172261148382,216.397414991285,0.8174376537298862,63.500047147790006,60.92464312643616,162.5941888895441,13.490417134867878,80.9038635176498,4.394043771376527,107.18569066039325
143.53956758363745,224.6041289451001,4.733351441531975,66.57972982856697,95.76353068079466,170.95192331565022,22.71635664491535,67.48752024841352,12.893534174944536,139.12907011663196
78.34851291785694,124.00661412912386,1.3456537809723785,83.03282941477961,82.45513087433416,137.85963523116686,27.54728477718111,66.23726908055403,13.065946703728027,58.9532276568344
103.01988967023051,131.80921855477428,6.568469555401391,50.885062402136796,45.871138011799985,61.11665341551563,11.51890125024963,63.02499732544202,4.106272373315656,102.83728580264923
51.6071774471699,77.67461172251308,9.309730056396575,32.331289015248146,59.29796746809133,69.32212046939856,22.196729152847936,79.44534012858733,6.038707676600343,63.14271031211997
38.21817395856419,48.44830168152223,9.329148165187222,56.87716455201897,36.123975862867894,76.67140797357237,16.27128861188629,53.618684796593925,3.0135762864061535,56.274862100778435
79.55476074099732,125.35344548709028,7.090454101322324,10.47525673941009,125.92257509562502,41.02473939211136,32.64745581906059,80.92875799908103,2.1125894542738357,68.42883190401199
63.00283420390792,96.29841943954001,2.6123183147293103,76.7917854657269,25.67612578688317,69.16873166659012,26.2495329263519,45.161151832756744,15.882575716726143,23.008794639398232
97.5484167776308,163.71622100966923,9.129968313588721,14.550480907055743,54.62041414797034,57.71346037625578,27.33611764268681,84.86952530373634,10.833909268672588,76.5304364019814
21.660195544747726,26.739056713026265,9.360934353132082,31.22742703086546,13.100676666401343,101.95917496554839,24.96921258117114,68.90598860568682,9.131447637974782,59.48441637041867
156.15922114992497,191.84587578886297,2.466535849529587,70.25963045008967,36.61353903202557,183.51875861700768,43.46068986702984,38.002399521709904,12.482477506079492,135.0857871437644
157.93161167194043,211.80106375597217,7.874260857706773,52.784990266456944,103.65653660561858,38.80645701571245,17.515729379254715,59.48594451820376,13.601157395315862,128.81091045638038
114.72425710296177,152.68110359666636,3.3651954892712297,36.49084162219537,34.14102787466554,149.64822631053121,28.083249094535603,57.31213930417789,13.100721520670913,106.57478260398516
90.41445495161805,119.66257269329168,8.526403123529297,42.874852750001715,19.60760830347587,143.710940794363,35.76060789278676,29.652917521123378,1.248091739348149,143.51157718249945
56.429142442949164,93.28455533843736,10.472378999036026,73.36379145617443,66.93438158134279,37.23575575940438,29.48955445970969,61.38700340254299,3.8021184728574773,107.22933874946665
132.0692529560423,174.9617936433225,0.8002600532939281,32.20035088479137,11.19630816814222,186.063032883044,42.51573100008804,42.034993660187055,10.823579531767466,100.18030552813167
112.70967588308189,150.57729380392368,9.473658657909318,74.5719747849737,20.17193853115998,122.32499638822753,23.228892447444945,23.66441367667217,6.636390217059444,99.12324617294242
34.392540901733696,54.32986698253809,6.726305335986581,12.05075447813532,106.91510434755702,85.47059380442316,26.22865320206123,86.40593103945955,15.737239765916605,75.84505811504019
146.63907767407636,208.94161105400744,10.233826191648213,67.14387497669046,102.57680138315277,156.1769450291552,13.098281032515494,64.90432583450016,10.98107188957381,179.42024717225146
133.38058643847535,211.85575851598884,5.150095175264276,72.80381064437891,119.81665844858752,66.32578251229413,31.314968886817496,81.38432523095929,15.348233630938097,122.49889141293548
152.4699869937886,187.9471729893842,8.973879305713737,19.5454122269871,112.54185230928994,144.83177066833767,20.08741889568371,67.32392035092772,4.021697224686907,121.74009332343098
118.857926258254,171.6053620015448,1.1239406859827723,39.42772258977604,91.98106758877817,27.1480173630045,15.61081638304491,44.98885844980791,13.959355421725347,100.65279617281244
102.01227939036848,124.12923525504874,3.852790500782957,18.239981973092448,16.27994287607954,171.09344676966896,29.05859525165778,55.8881650630168,5.82028458722838,90.14933171699673
72.73645544359283,89.56233250307577,1.1701653775120997,61.52833031953742,103.9418341583989,100.67075246383733,28.63085921829687,67.3022732243024,15.843472123567102,59.96330611714771
149.909272503102,247.83281660393493,10.253431334790704,47.82782144493254,111.46129730086726,134.6047245844295,12.655507442841664,87.21766276410062,3.3653300810972095,162.9584152055593
139.90958342506124,177.63238104353889,8.669739072718368,55.825867736665685,105.88985749263453,59.82280756520306,34.43754087230655,37.756862138518756,8.7450972825749,146.3559286348082
16.78280051592841,24.60711566970383,9.025474212459706,20.718957356496894,71.01748423696313,141.87326827852064,31.83202667277985,81.24839410368824,12.892668007556829,26.548021866727975
13.9550461745878,19.614484467736787,9.879652314338943,21.93966896419356,37.9482206379378,159.00324966078978,16.6156048961274,84.68544637059885,7.489637209060538,34.1692994243071
66.46950503170744,91.307275524295,1.3510348611978535,8.31978604079251,111.4395970826472,105.17837363919178,26.430220175391533,66.92908602612695,8.0212609028147,68.44879616696443
131.58299961727494,217.10098493131972,4.355975925133333,30.765402815658376,97.25953716881662,131.19084633112297,35.2113020767496,85.18866391809365,15.795336932586116,123.64773903386974
158.09141939724168,191.4347491628432,1.2103488904400213,49.779572906694,127.69134092666219,102.13866628803174,28.530250918944677,47.851501123415794,7.3796222545173,133.54072685446977
32.56253366552923,49.88237740009693,2.607931015500286,73.63479311978631,28.68311173071195,180.93644646641218,23.842117666424958,86.71113232283099,10.061081508985954,54.69265502672469
99.11960730282027,166.68916776186924,2.793657770376724,58.354195796694455,37.07974996624661,109.61645249257745,21.281846032833027,69.19480140161824,1.8180949101272605,87.79165125058897
67.13362849465324,99.3634155551099,5.191072110475787,39.83170587198011,35.41577798578032,171.5255676251874,31.363785332541877,22.940403719316834,13.6331512031539,89.54153849844329
155.48715967219047,259.4165234759455,3.185621674536426,81.24960915153102,105.1047721145604,164.24337048864476,42.86880444085842,83.48109822733369,10.722520734693152,99.93565888253534
136.31783847035632,167.14324673808537,1.509781068177611,62.53961604606655,32.42887557401418,93.89086784270418,33.51106941671192,53.91309663232348,7.060301542942203,102.68665626553721
135.74930570667067,191.3246179974596,2.174910890941077,79.41321622900401,17.99917957879673,61.41520853434551,12.616106627271042,52.2228889344483,1.2425430993177962,120.04849558312972
80.30397396924555,106.81062099975115,1.9727556355209093,47.20703786177325,129.82729679027545,93.09478386075878,26.12397407187468,59.6526624185744,9.875032308902558,70.18548989506641
72.22292535064977,113.05852442002627,10.230767979122984,25.712341983451168,12.978065373417898,168.71912763953964,41.17884460287196,30.456918273985956,1.189867427262433,107.72679156212112
51.011060789605935,86.24177571553636,8.092925069184737,9.226134909177759,110.22928721906388,60.973856447490625,13.30618490303804,52.8416233997179,1.0180542086352686,54.80015705760911
18.456324497639066,24.514890435102203,10.17761465269562,63.08678811870804,53.844020986078334,114.39854225439488,44.61064992481402,78.17890517024219,10.24147843224032,74.81458544249574
139.708356438258,213.34685692370726,4.897404865079086,14.70423984044273,110.99385517093783,165.09741463293454,43.217428777589745,21.083772139626074,3.835256010018314,163.50201855373652
131.93515136951163,171.39020222546304,3.283684816626566,29.222010261757376,76.5544589453374,83.62594552310819,12.739606825545655,39.104201222705996,3.8783132457714293,121.2216088455753
159.95765099291958,237.16363096975547,8.482931972091867,47.59767263071179,118.19574753836321,135.59773466048551,42.669466215734424,20.171821051069095,10.799073487491155,150.13430019507135
159.4955255610858,228.39220856791175,3.762539180411468,50.15332702237981,121.1431583697552,64.21368332878662,22.709640659081177,49.099791640489386,1.805457819090614,139.59671863559905
93.31475584039411,157.32892701353725,3.4938337370534827,53.046655758970886,11.09178175369312,39.67030016626879,39.564820847655184,70.98208573456142,5.701083422118345,82.03164835538175
125.34811227707658,188.55660718330182,2.825059922078312,18.30042642797605,19.04946111913459,162.98916051671415,24.643416819964504,75.91402803802399,3.241478532130286,100.02041381539975
151.7148594823642,208.57048644350832,1.7967897822423535,35.3789923857319,40.043047548502656,37.81435221356723,25.429928944588056,86.16328327889046,9.702645546948007,90.74644915774036
137.44710860161172,172.77759819017302,3.0646306101676597,54.375538169357334,90.3178499636202,68.84865111432524,32.19850818421399,62.59532290795506,10.926477320910937,106.18914702867193
47.10221526147965,60.08468865612009,4.053197484738877,82.58550917070278,116.59266358138072,173.9196959595392,37.10670967465941,37.82388066570268,11.817037803985652,94.95371075476007
77.58162029651403,101.83817060874331,7.239942081457304,63.210491015975094,65.19303415527554,82.36447167416009,11.182620283188703,84.69035643956893,4.828468253778482,44.98609102654947
29.373912272724247,38.934631074063304,1.1256484221945158,78.80830056751662,82.83677395291186,195.148162912549,30.7604598434497,74.27210277162632,2.33874627454876,80.42019875321424
153.10765408880835,248.84709947973337,2.6050693966534295,65.97696466513416,32.61998233546734,196.35218025929476,16.535654793407986,60.20999381022012,2.180254854128467,147.33969292640876
100.926195167632,149.43247453252076,8.590236402916764,52.337357511392035,106.59602006580224,68.28968368164021,22.108233125212102,68.69481510032551,7.392273226760857,105.26373119995681
44.296420825519405,64.74787702386882,1.9692192358377076,20.361869530907562,126.07937336241636,27.37608000498028,22.178903315432578,84.70214485052004,15.187666135940725,42.10681469827203
110.7551026608785,139.2617422861284,3.9264514652252154,58.334852151401044,42.23187194975169,146.91139115696825,26.417111907740377,69.86758199310452,4.265935513705369,78.6563098180829
102.71923606868438,167.43952938902444,9.1465892185814,54.87036527679257,69.37911419206556,101.17757047670187,21.694774415666068,45.78621553093138,4.85112402012324,110.56170097460829
63.72440770492607,99.49974592221602,2.0492531114344263,53.19753363658131,20.333933260764855,38.13551191272373,13.757639145773371,69.91197416023677,2.513332031587884,47.44247637724001
27.03363882994435,33.355027623842524,1.327368356181899,44.18286943905926,77.09639877555621,147.35410741604773,15.0970058483908,22.81947139147715,10.083554108408954,63.65827093681898
110.73597933891995,172.07458155780296,5.345379950800108,47.29252831914205,70.33401302160166,25.61148364014582,11.170329494638418,47.04908932814068,11.198093109207623,93.24839155818752
88.046155135569,129.5836112658134,3.524195112785364,31.755402169448324,27.33237809860931,176.63540428860358,26.4587179865064,48.442612229190544,10.6439681224114,93.80007910422901
125.8477587603459,156.15978631048827,6.134083644838541,46.545015411384256,63.047945574169006,44.957455240394665,43.405669319854596,31.678676409458426,13.916953645671718,109.9775879754261
88.02452516679901,125.80027837725848,8.538048904834751,20.80447245427826,50.09255825038759,42.916138174410506,14.048632827684079,21.615983638623913,8.296387525391076,99.61059530375147
137.827225047781,198.79484218038564,1.8714848815274316,69.41395178883015,72.61970503662272,51.62101363434522,43.11925725510787,29.336686564641997,3.0168556115059664,158.84420979876654
92.78602581617284,119.03401136103435,6.30699084554285,19.862156375896625,80.2785202514559,192.847944528572,35.66765301562327,65.82350470579385,5.341076960566189,118.88096897242409
94.14069573030794,157.48317563110433,5.555087603898639,11.797303191157313,11.01946943286514,144.7704848456923,32.312458102695715,76.16021714545812,10.936449601320277,86.50393154655532
141.49804039875175,229.93257320435947,1.9407878601319957,39.89968210857259,101.32071795394664,164.2468763834546,32.5847214363247,89.17424449088819,10.196829606123398,132.46479252577382
70.52242993185956,108.21745637180194,6.7399848552898245,57.66459516048495,95.5617150234089,91.57429743189554,38.935467693869874,44.2454452175946,8.965046946144437,105.12052537642604
30.10228426759611,43.08081731755939,3.2364041786077165,40.01734599468331,53.95436634478266,80.53629095089201,13.742195253293747,61.95654555827712,11.244466280330307,36.70533334550206
14.317401447000845,20.128588016854575,5.378343185440125,27.140330556104686,16.352312268258192,62.20712122097059,27.66640132479396,85.60014767705853,10.56086275559949,34.19846723853618
123.27058835104285,188.0476471695596,1.3227232427706188,49.65369471123526,100.59190477420604,106.5166450962336,34.398189839126545,31.692924693670683,14.219873341974274,131.92732809181481
103.0464327030197,151.7581234560841,5.095840572136231,32.760186832976,124.62101925737589,119.32917203615033,30.538715577574727,70.23519104399199,9.79024566217445,100.62599163585935
115.61196521488354,142.3341163333799,3.5646346804282034,79.62941521013065,38.818191522641705,133.719471857496,39.14726748581531,72.84851132044142,12.679020380508348,111.80774197798247
41.944624226336614,61.0819145804408,8.723812111853544,78.81161116828576,48.822953648444546,66.28133071976501,12.529509815397303,26.228287510853686,4.730607339497018,67.36319801969529
30.455721338015465,48.82666753182408,1.0697872699736828,45.18974559776764,32.057546737817795,190.7577345625383,34.174536382470805,80.28745696281456,11.17273876883602,24.43372796378135
12.181699850182289,17.415200994279044,4.6860727491833,31.23071952146068,79.23233480138076,50.55652967728445,28.69097056346512,76.91735329775906,14.532911775740136,15.678976298817183
62.58813382098955,76.73169319961104,5.08431424131438,63.97059311653113,28.580967357694593,193.81757145795422,23.270630239298022,22.338210460420413,6.7859849184974985,85.83086951193687
98.48765302819496,156.9045308761182,7.750060762991187,7.937035478645331,52.743273215365534,22.674102051350683,21.90962437819108,26.375909041603602,12.6865628100797,70.72751691482442
68.83660676495984,89.53452786175136,6.24287575090211,42.9815204834921,93.64156167211155,106.6026245270322,31.729142147096752,23.438882572429662,11.87183951793153,102.88224530220378
75.62123830355937,100.52409985693816,7.172123371941811,31.90587154162668,77.21391796112181,80.0062108609813,41.18483811254927,43.43204722595536,1.8928929530773373,56.91618820908133
145.62380417406226,186.741147888099,8.270492856517562,78.64287080820438,56.37550771935223,100.84221450744515,27.366157413539035,55.65022934759483,9.722624644361085,177.8595969400048
62.23832005349505,84.961999511173,9.122029736581888,5.960242181814603,60.42995221690503,122.71962421654203,38.8653107426922,57.264340956824014,2.952840238012036,110.88207900482925
87.09842337397161,137.47403956444555,3.6387549672247053,49.22519005746793,77.45330591478753,98.40604844228763,24.075473364538865,38.73667318386099,15.509787583458868,82.31392990623891
127.54795191117147,186.1808436090811,5.88022705363903,64.25308648533007,10.703767346459356,94.6724330542871,13.583806197761179,83.81178205921918,13.171112540509842,97.32448751723963
69.48141734819052,90.49542147587597,8.901080784391999,43.8014390019233,19.421184214433183,151.8902147743952,12.152700776052349,45.778395291033924,2.645857018706802,91.06697362635852
103.31300503418102,169.32123768265586,10.394511309650564,11.832242413017733,115.7509681315614,143.45772951556364,11.796702996328715,23.188510917574675,2.826279964715176,121.91205803710612
139.35455631201177,228.51233714284743,9.395193110437631,82.79691120223218,19.34547869095489,169.98883076645262,23.305254968518447,41.01589780789705,9.917107823689284,155.2862960075054
152.42809354864633,249.26401706554856,4.214672626243768,46.44083451008783,94.81643154526061,64.9926166231092,21.803321279254472,57.17765957809088,6.1733376125977495,133.06478171524657
32.061022139355686,42.301251877175716,2.4516651721865044,54.13489954552091,120.4045796930863,129.71513175573145,35.127795826789935,48.575527581176246,1.5235878860966392,62.130139396147136
148.98814377422417,212.40042867278086,5.393925374065887,23.928782616600586,42.48203251620773,125.33506137071369,35.998752555470304,39.16897633694814,9.124622617495797,140.2990473824894
83.81744396193073,141.8605904076515,7.916414518360423,43.679846808544305,54.45897244714171,86.55280595708398,11.779888909180894,29.19262748350222,6.817676495287704,78.27659212108777
48.73665824484375,77.29664400315026,5.425690707532976,39.33195935666575,78.27056870136596,107.49035754248257,17.739314201115523,77.34151500673607,2.51614738557614,59.95478130113194
78.8703634357392,95.71578831572289,5.331808633136685,10.991667360158699,115.80507635663017,76.48078579503118,19.59916475556149,89.73016694869344,13.02880588383974,62.47326904140332
157.00488629282157,193.52458326969762,8.882304210818006,13.492828283797378,123.02867047125042,45.53199157105733,29.16641944499833,43.067949346671746,14.72615147918209,138.84842230581324
83.89271409893044,120.13148809693662,4.114037790671864,71.99780156950196,98.74758977335216,58.48421791929191,15.058032836743259,46.71347309236228,12.34890901021195,76.84673358661584
59.31274154312623,98.13946138977884,9.097946748116456,24.18559617652722,20.394371302563282,38.992456352216195,14.687942679000013,63.262626727386994,13.33633465024416,74.97733357214182
105.01012814750887,154.2967261951646,4.568048009517236,20.59666171989044,90.29849866418209,142.95252353422234,43.03261112227853,70.2909032314879,4.247358508991761,104.7085014656884
46.02184281672896,66.68133587855262,3.782331056783394,45.39291610001114,59.23644662471945,138.93093075964725,38.147101755422334,47.44206743625139,4.953594263779015,74.00561646435102
21.379499216299585,26.782886502341004,5.03989911199699,66.49977050900104,66.48411993892739,191.1091468843771,16.32292157319096,83.34506618872706,4.127913104487816,64.07744003692993
29.331958286597384,44.83067326153689,8.124469586748685,9.955721486319034,15.897806841421245,151.34211445650342,24.22987327669218,59.20027924602429,12.47595147048346,46.47312666778007
29.206875843665866,47.05378348356708,1.7600202786399428,51.14463357106047,32.92745672156298,29.36825097610366,22.446769974014792,51.52730534841517,15.218756184017456,27.081971122807477
32.78540402684415,45.57859665522823,2.4641921587201736,14.536835427245869,104.86163290403773,179.16413130721176,37.68514259228925,65.26709272119336,11.752558101008539,48.620186607411995
30.82407589741152,48.94265035682089,10.014448256630919,7.916884066049477,64.47505996574317,175.28152933023063,27.857452076734273,86.69626937744212,14.22200147319334,72.42748768976017
106.13121172048218,178.53799204188326,2.2549162738135737,9.219516172977391,46.19946899573786,99.79765773908576,14.474740794771346,75.6186606095194,10.580486423247589,73.1289866695766
37.282012659871725,48.536827046273935,6.1772731793105455,71.7331286566753,56.08228887579498,125.45534909502588,35.864722210468535,22.800919137458703,6.814898508381986,96.95620832333265
61.85009249857948,90.40410404661648,6.293144666619378,14.437798690244925,112.52794159908163,195.6940998450534,23.891079237872162,43.261693751797175,7.386424223954577,86.19223945109077
144.51826148590177,194.1702530375794,5.396244620502448,8.612109152983356,99.87988208859483,115.81478549266993,19.202348667125147,52.93812794658559,2.1298214825110726,114.8153551063157
81.09424603943086,129.4610609126071,6.947452485768186,40.03199097143298,42.677847661729935,182.95792910769615,23.142451770725206,42.01623005463737,1.4718579286903912,115.72011246288679
110.13366077815408,163.9666288466187,2.7982672579761845,72.51947775536198,24.100220825484797,34.94697640583356,27.421479726241373,69.01312925813195,11.43213406283616,81.3153095700274
35.847980680244476,54.39182593847643,6.026622677767482,25.992670119144154,40.23978659728861,54.38933636756291,22.009043074595333,77.83884049038068,7.5764333801677095,47.55847447998904
38.84335282130061,62.1088539970966,4.221732552468971,38.73700940207331,120.49077412656804,99.33588981943721,18.466702040711525,71.19415666296901,9.283226020819443,7.92498482121151
16.13029243997183,22.549910688785825,7.11667259629189,8.193802605100098,79.79066054197064,125.25622550071485,23.947571008139313,89.25333007797927,9.364918714336245,31.829806335286207
35.34025946082468,58.57807157675398,1.9122354337314946,40.92628113079007,74.01762504937395,166.92101333530405,10.67105187624644,39.07833535251204,5.160637199999521,44.41066649996926
51.78855085479379,75.94865732497748,6.208774168394762,51.209046450970696,81.56723196309538,197.88718072577365,37.03742461337099,81.2492646517095,8.13838766244236,61.842615031879404
36.551572641512024,46.74863576028612,2.352703553833237,50.67256430017159,53.92339188958183,89.99326936534096,15.983071274865502,73.66358656221404,8.061403325015533,24.165739621838892
23.305380063558342,36.07555279367953,3.286430631150364,31.594135373949214,106.85284243834153,28.534814505215287,11.536661477072304,45.352513029070224,6.826408318417855,22.770343488749425
28.095380665090122,44.85794660184125,2.6870980032358323,30.24265445305084,72.79434991602997,164.21087059315846,32.87945425167777,71.38871805598781,13.310130751016057,40.163176000459245
79.11681520490886,107.47076578016488,2.3283777986881713,13.52988951492783,24.009748332255466,128.78852943490546,37.08776450882853,27.285316949277288,7.767460055313938,61.069746044121885
40.95005776086887,66.69083935580144,8.75710951560667,34.34386565170147,25.487814979487556,55.7377145962763,38.48401960574951,75.25334376383867,10.054667867589817,62.63003141120645
64.64047915721132,106.85534207522065,3.357075676608903,12.959573509837172,74.4230975803142,109.06912219185563,27.272821393121,57.26314218109719,14.43280180571239,82.99609348719616
85.51259062822854,114.45451879000326,9.771237818644494,66.32767557696413,122.3884261685007,153.61584419607038,17.187886464149486,40.46031208964772,13.993504342883837,113.43420542331803
113.5592242944048,192.11503691250138,10.199265253451909,82.30194381985487,47.00225460114385,158.67412167235588,35.802968703743936,65.90441112489262,14.356333056687477,146.13734576843547
15.89682097616484,20.194618156734663,6.212604699370973,82.60595653333655,114.3449402631062,109.93131415977716,34.4899577004018,64.91339991000862,5.05007494697521,74.00332078103968
129.9115598363564,169.01595710040348,1.930011226657264,74.2056879500315,101.69147038946552,74.93861542319465,18.619475693611065,34.66403559037198,1.5247373246209426,136.58979080112564
104.18505842363616,134.61880792791277,4.245482433795813,53.06337194716953,39.73749314882882,195.27366476692885,41.619271455197755,22.12781903680683,4.916001998429938,151.0854226502081
22.263854792330786,36.66845429552351,8.47732263348214,61.06925577951039,14.360889797949095,139.4052699721687,13.653001032899015,50.35358108311717,5.18061018431063,46.296113090348676
141.03679361601658,215.3838141725961,4.173907286970705,27.816464214433125,22.221671817085927,93.48275348233376,44.3940883856964,59.86583085410948,14.64040490087452,109.50382554244392
148.130860079772,189.02270124349263,1.3701721830278875,55.46163361380965,97.41927206169282,70.48338035683744,40.10867338421126,81.36236948594188,10.73864099256956,125.08360889075391
19.161693978229565,27.212704070986604,6.067849109281879,41.451963955190195,33.960368564877605,151.5985369406412,34.076452591767634,84.97517569533161,2.2255593940334313,56.47367024408376
51.53164722208056,77.69163704866662,8.951208514960348,43.561387182154604,54.552510460647255,63.59302020687819,42.85624608979415,57.01636527097365,3.030678940166517,94.88717279322945
130.9301919689592,162.5802146978378,8.459263871435024,65.62212483001264,70.20389992077098,50.90779801526387,35.280890891329776,72.76624386379814,3.335141883129631,153.7020954533372
122.23895355754875,200.61957100714127,2.2512314013035324,27.553468447780133,97.05618021401953,115.37010001317265,16.665994896051608,50.75122906295978,10.456326222533848,106.0619545013328
37.6781529034566,60.35293192521014,7.227646144124667,30.44316893556159,23.587746791095046,72.19773067594554,25.47546483394841,72.22575096010252,12.031210382605046,50.80719628338915
41.40239850050655,60.14126428299544,2.705042634356471,78.97134329029093,58.76396863329538,133.20292608625073,12.502605851607237,34.33610674574169,13.894658658480942,37.87565132841361
65.5708154187073,110.39261889028786,2.6820753455217226,9.49794358807778,68.20874909712344,41.22896147736203,23.63800978008404,45.9745314362472,15.109548262093647,86.69036228689819
82.6784477786532,116.4840519888615,9.240717733051852,43.85074387306723,74.89924767658476,137.88939882211787,35.9561056908023,64.39595991695305,4.025568360796626,102.33745530276074
102.7382157295444,173.8387280048745,2.9966895274023013,78.02406403262894,108.203276967426,70.9933750395864,23.52551728257861,21.271057592495517,5.646587270860736,110.71730790503477
65.33704593546585,100.22441494408346,3.132473465180112,53.82904062545256,30.601383405186027,20.043728198212293,21.560296141384693,70.57229172372678,4.60484321117246,49.4393266322138
79.38020741997218,120.44641756116448,0.5065339076129955,48.71256593697056,106.93977421919467,42.84849038135175,30.837450287860914,78.48748508877168,6.381423511992066,56.74058248170122
122.12064072006348,156.67802793615232,9.206690341255177,24.979534338348415,93.14541132359827,188.05076801031694,40.52715851496133,47.9399162765766,14.719976611356241,122.83454833587314
15.502480433589685,25.4390104287863,8.425948132091348,32.46203912515586,76.70449770387512,176.12383504076442,11.665411739113935,51.3559692024015,9.626688504090422,41.58777786092581
47.86554165160311,67.66966271332124,6.77328935090678,73.16387326437544,93.94334444830864,62.04962576652263,23.491465214490738,79.58975485515717,12.072878459867486,37.29745972920533
117.00243788268287,149.89377745049975,8.002657639388422,49.73745054147665,59.44212867419877,160.10694281818843,15.538425963534195,74.29582447282235,8.35178854190173,97.22249429424906
144.2810256530799,174.04674374021795,2.020485674244918,46.17937550054239,26.60771031617495,129.54288677131535,34.33739877561544,40.17046423233625,1.432868700041868,154.33089389562835
86.75161631734991,128.38179473004632,5.083235945875755,12.966377083202314,89.89182883184408,194.7628480609765,13.70035961508972,42.678327459307724,1.962932289967215,109.54830045473823
89.81702278979735,131.46515928751828,4.012193873487809,6.28225251640985,72.96067680227466,87.24901871613064,33.268271550308555,67.52147626734177,9.068845469018287,94.23090919384094
26.07580170096641,40.669823246044714,1.437765262570165,82.09481509496393,86.72497606513306,142.66291025309084,20.016330477926758,59.423866471371284,11.781835522300385,58.54426070433841
77.1118550235182,126.85895098713601,5.361304852149241,35.15889338294733,50.559853723418804,31.436430036305346,16.962088480802866,31.356069976754785,4.229957912930972,108.9761845291628
89.89258996825347,111.4401397389518,9.707396503426354,53.25704496796035,118.82398928078031,91.32452242695307,42.772339523874486,41.69509364604165,11.82864360988456,89.21404986989765
46.37057554520945,72.60464728744302,0.9005911905069448,11.3772058549828,80.48438422906924,193.4871790138725,10.648360186108455,82.99882938150579,13.159986602252687,16.32296571713705
50.38648464240715,65.18529609242682,3.4146091349379386,59.64914285784373,20.24829811490486,117.0165574010217,25.322204516134914,68.17221057055843,7.178462175431668,40.520151893665584
66.5926244656934,108.48528047181729,2.5754093620570346,79.60533669647687,63.97647888453144,71.81831060027201,10.756944736162783,89.01820223798636,12.196288492661575,43.45064737497606
13.010679666658955,20.941102102741787,2.881466536656963,51.053220239793575,100.76272656923612,41.64877336314923,26.925756683651514,73.69087709865386,7.0604492549268985,21.13473987589975
58.31187483747674,85.74159868177516,9.584345518793754,15.089225790032845,105.29614740787268,146.63510123267548,27.536658222804636,85.93821025005131,11.1752594418253,69.02461015112281
41.7172010494817,64.87531207143566,5.1806905423429015,51.53772219787814,69.35164633165105,136.07408781735083,21.258186498816144,35.13320017093328,12.459955739793145,66.88804850896483
59.124602826687195,80.24243618728127,5.162994129398188,66.30777704837219,117.36970849975613,87.30896844867944,14.62566221337583,74.0039412371848,15.878899274621663,58.539305185438465
27.964319772887684,40.14512862370365,8.105756424552823,37.51332292592149,42.12021246331571,191.16944333585016,23.173563820706637,21.41522641034582,6.1809499309539415,61.862919041171764
143.57909211098425,231.27985044225866,2.044922040049258,75.38701983531743,59.27184366859199,23.996506337813056,33.529202897639806,66.95320151980738,7.165611708619172,87.77018100010008
99.03886803310729,141.58919426724722,5.372653541000508,56.89463626858916,117.8316292682764,74.67029329372865,37.38385330255607,52.8497594684169,3.4843008911525697,96.99226190333322
111.86534787167344,154.25103115526406,4.7998521412105974,76.93991346313621,117.55080597658947,185.79250753392466,28.57627108358498,44.2732050344048,4.061095876027103,121.38993770483654
128.37568579110075,185.77325387044863,6.469106905466561,54.88042489978697,92.28553225896171,77.76837889749928,30.644203805391445,80.36830466051623,11.400925038975666,111.53437957878839
84.76632983935859,136.823420467878,10.495577032504386,15.503037760385938,113.07766565466642,65.40551009393067,17.021572989362845,79.79873848602715,14.75568385231714,68.75332634311133
23.038043213113554,31.506920596093053,8.19448894082047,29.77533688841513,20.652792034747918,116.15967378762451,20.05656166296773,21.56111934290505,6.919074274918608,48.91020395365613
90.56598127278217,116.54762212226889,4.478657030174272,21.143595860196555,113.79939714493315,168.28431498569682,15.666346351832544,62.66535857146017,3.6976667025331187,73.46242003134988
98.02616770313188,152.52940412572138,8.77553052274047,77.70611981734899,48.47438878602721,38.566416958104995,18.725337250161395,45.74825570246695,5.276492490744911,105.9326456701537
121.8159211276495,196.4877537593817,2.207083633124802,65.83200538299862,31.39978149138596,189.7437277362325,17.871037307893612,49.09627010503144,7.82577557212208,98.48396907182268
74.7489319344519,93.45999033744751,0.8046368630896013,59.11186951280048,38.72438036104556,163.11311861260953,28.180707523693314,78.24285174531431,5.359754940480526,53.652136195135625
29.137045419334562,38.45906596234775,2.5444837246427303,29.077305570529735,60.15622096166645,52.62504599927935,29.69410645267553,41.68878400693748,4.503686246827994,21.727012127762652
52.56638586980867,66.81114024201086,3.9041155611425964,19.723581764017084,40.143040552536064,148.16143301566927,43.07315972875266,86.0134167446334,12.039767331356193,51.68834424353111
64.46234445979526,88.56937291437282,5.605807574595599,65.51608703911295,48.468110321979886,89.29257007476029,16.84497264855331,32.57436784604985,1.1176738186093478,68.67903655240866
106.88758619974018,152.33356797863306,6.651291405411998,42.93263567032638,26.197418328597053,92.41304205373737,32.458649855652354,66.39056963577244,9.088457910047246,114.11971538982915
95.61674570033678,150.5402635579717,9.606057172144217,23.063164172050328,45.541211867079824,160.99221663899596,38.6040744145633,67.04735469096353,12.906502105446307,116.23612310060588
63.414508884676934,96.74351281496975,5.5985400955045765,54.32975825322201,78.67405774504014,193.3012654365318,29.60845123240684,37.65366129995427,4.993424294762023,95.32273222717183
157.97728731894696,238.61905013727747,5.512756446257294,8.226708171076158,63.02244497092767,42.7980571124949,18.92512783753765,42.732542627704134,10.04937265918026,115.91007127076642
100.86622290353307,138.81083243941467,1.0024300982298213,31.09362033026028,51.60625134830934,95.71344263818749,19.18925805070001,78.43589448059583,11.033501584279266,73.45682238566674
45.584018760399175,73.87910303533285,0.8491155265622381,42.48455956729077,99.57425546285367,106.56948945517463,11.373856857484997,73.32636784684667,10.82537044607635,47.93306817586638
25.267370893060562,36.274938899567346,6.011599619163721,16.83666672875247,117.22119656719815,87.73612705189957,20.69054792919686,43.03671162203317,7.687744512980766,51.84235841647984
32.9288708776498,55.635055092964926,4.881786132483445,83.77235820726716,100.81470674828765,85.3740422689205,36.061128765118305,57.37695828544537,6.198669818136688,90.04271527433428
46.89365925767622,71.1410137862987,8.891803949802986,21.727789167169142,49.8400842541215,29.408360161087376,11.663121502248863,24.31762073771668,13.538861095417202,65.44483655093333
34.10220598893335,43.07560029970607,2.106795847118452,15.428250403461243,99.33306014050645,143.3969517012722,17.675334887669074,34.61221176790404,12.376689354997964,57.42038943455243
37.98505360769586,58.424384801113256,0.749716621170496,21.282789910951713,28.237621896886147,98.51859508160817,34.71813744861237,54.007439120227936,5.818827601208688,43.501344591615194
52.76427530407707,71.89406925124203,4.990387679301259,66.52489065277794,25.63815857095491,55.06288447590682,37.39280469880068,26.01816146954481,2.5452879166330913,87.49421528647095
36.006039294213224,55.56320915933929,2.874785567522575,39.04045274174742,51.47524444433907,166.8860304143723,25.936144352167496,79.03326484243561,2.077113181682038,37.476293337223936
144.5148136939638,178.44986520881844,0.9961437333883745,50.23327518020304,106.92428428528684,164.46093466729303,34.43260184675271,70.26043470753535,2.4141396684840406,118.4887262199394
22.035061849246333,28.368835861324275,7.74598286847629,6.6807325589088595,39.56178966907622,107.55049305600089,23.57832590292122,86.05435694539463,9.743040417880643,36.8579555095097
88.6767084355382,144.3540318253534,1.6159299995724747,7.7545046858651645,17.59040906784155,73.7211190065969,15.596963575844462,68.5426834174819,1.7749326374348453,70.43083112441751
71.55952404844922,93.99985934520919,6.583195000077717,40.66604398616129,25.80514422476261,134.85669064336145,23.93523227330173,85.82809605835298,6.053903124460576,78.32969873711649
157.35679253629095,254.68520438814758,3.3104975016688916,70.33241945612988,113.04939622354962,71.86738443993255,30.29887370711,58.81587889836755,12.29799552871344,157.02496152717515
26.805835325207852,35.91011680893797,2.2349605035502202,75.81911029660522,86.05399416967451,62.481427458268165,43.18186486485116,62.015302774337854,5.415222497730672,28.115243734514955
69.67833985686124,106.01147993668285,4.297515229193174,11.936525407651217,40.3841396043972,151.49263772473878,12.406283323103706,88.38797382383827,12.449621157701948,38.054598535806264
155.42056499130533,240.44731515153464,8.514457762229537,48.06904816808182,76.63549903938176,27.25854314977113,27.75879328457362,64.94904028049822,12.18200557310583,141.49349347341177
139.82606888409703,203.6325320744264,4.420935769045727,78.05837490234164,73.30955469104205,37.05832478622691,21.512192237375352,22.155059820252262,4.687406989498244,122.15948356270093
132.56081064239197,179.30908817121835,8.007696492110558,36.03782035183091,88.65231741287936,21.22187132424616,27.79090929968431,70.66619436413663,11.932332701391182,163.11857709284797
48.68542405674098,63.5988496865432,1.7548629679915069,71.36526651426949,37.98250653059396,47.529773565576704,10.839140658178609,83.38280844961909,12.216649574081512,35.081748873227454
35.63313810850987,43.35108615763946,8.22771419665079,15.695652351954896,113.72835846332772,32.418201567882704,20.95588741455535,75.69061748560287,6.961808885005403,45.60196754043861
110.29648298866465,149.11788912335422,2.8693332490664867,79.8315591734239,47.12422744960154,199.24442620038533,38.695385163445174,60.868329083779585,4.156307256122774,109.19187896378104
149.40639836913786,228.08102808397274,7.273931298888728,65.11386540250422,93.29579847714842,71.98579459173612,29.387960684912315,66.99124591654615,8.819062103378037,133.8347206152742
93.51443395208946,156.0898427283713,6.157815548409964,80.30675142295213,11.934957564665787,46.868242280464514,25.77038724856411,89.31342524761702,14.820963820002945,79.71002638341804
95.74190342048497,156.59567180474332,9.791447172116873,59.12937868420052,54.71885558729767,63.37932643926523,19.993377510036886,26.34634619565368,10.59425098648093,114.9665753472361
51.99686404904263,82.31271987798432,4.37322517975314,34.07231455995416,52.205178155057,188.50260287722423,20.431488297697456,66.70713800432677,3.593837464408918,60.04063602731545
125.42393997879053,199.95381410286794,1.1616518883444045,80.0544938019778,75.21813142996174,113.62884014439122,23.408550175670456,39.837838619941564,11.241353871002799,111.20072241210698
38.05656228362851,58.321394438757665,0.691554855512529,27.045342104734278,18.72835141326358,85.66725733541423,39.24497484875961,64.8063277610319,7.408045409227519,57.87635195552562
58.55188546063655,77.88240568832066,8.76858560972753,31.5738017649386,104.815764847133,177.2104624236595,43.85246223828939,62.53365031187572,9.872931960330595,114.27705004000438
73.81546579246252,122.06107082903411,5.747356376614322,61.064673440139224,36.13369621210822,91.09824869882584,25.35293834726311,30.741978247571346,12.010960525346619,90.68898209785509
86.14155680266825,132.25883093591258,8.252440518349493,66.22530396203089,91.24453778584123,80.30154259238523,23.767349356171664,34.47226520181674,8.724210272716672,87.19784508624198
46.36145986226204,68.62517474390468,2.8442560001151467,79.3522787079323,106.38545478929119,57.3108540589524,39.6292771536952,63.51407046302494,13.20975961859963,67.34501667769148
27.22552371088053,34.18150166592147,3.950837455132337,21.38419272449676,77.42523474898158,88.00342830369406,24.941686222270626,28.97609631126419,11.832333689749417,66.95590128699752
101.5930063662449,144.6204659934895,0.8010387221131894,68.83984281753791,98.90598480663826,77.00318408304668,29.320636030347792,38.5626612591226,10.22610010027766,115.3386613097853
53.294582986038364,76.22080062718615,10.114923245741121,64.08368427175708,89.42323746580067,141.91471267366538,18.082958260956055,78.46718834166018,3.2618922374852724,93.56130734192288
97.18573321339184,158.63450400660886,7.178679067008134,10.10356450028783,52.663575658240916,72.12488684073088,36.02258875226764,42.896405420114704,13.539236663673524,121.7789399610912
33.15440729113035,48.84718761789514,9.832050877593062,35.97785129681655,107.06302468402784,123.89595435606105,28.619591139477365,54.16421093887641,15.038583779797241,67.85035802276504
82.17101527822263,114.23416799451306,3.1549640742907235,27.621236564807887,45.364164386263354,31.86058970575509,38.31620925841196,85.87982346020883,3.0544768571394223,77.41791347992424
89.88841488273788,151.76761445266584,6.614636112256608,29.359233948322434,78.54555013018206,54.43204820537259,37.32564555100344,35.900436218586236,8.32361694150146,94.87660696804897
17.773530523364037,22.31218455056197,7.284999682926378,83.63575036437607,99.44772869698474,93.33294889004277,17.525166889451,47.27382121506073,4.883331129557567,60.3080325004932
60.49064172908809,85.36888287000926,3.6754970025758844,56.42219307839423,55.47470917750091,188.6508657035652,35.047244269521684,62.45204428804819,12.317849611383469,94.04915354202795
30.162201540846137,36.82842021011962,8.9810923501563,62.41409262347997,46.332112914091006,87.90535742882517,38.001904278298,72.87372506527805,11.8244445400705,47.997630451850696
19.506245570915162,30.6238704244041,9.971614629002477,83.12941098520074,65.12152122073873,139.53334181597015,22.113753427383827,83.11573706988935,3.1132768085559803,47.48689685562134
158.49403485849177,262.9476703636982,9.348551176960044,35.17614259661109,108.15561932189843,65.91570003585167,16.04131895157961,84.08310913014606,14.155409068924557,139.65008843924497
58.353076746208444,78.19421198698163,7.890669759393726,69.14721347622448,121.59061157747978,42.866043675181714,10.092125445285586,74.36480520608362,3.714595959670034,65.83484125798238
131.4811668781952,214.2052828767018,3.2746467972495403,39.76247706435963,75.41000954318682,30.536588014409023,25.781627858260187,35.98315856153173,12.958885384721611,123.2824689027302
48.19609821456458,64.87720712519143,3.3161604210563174,74.56269374519837,89.37594463883822,74.97442973769525,22.335145603859456,21.736653102979606,7.854705394420073,61.38572313976033
112.22540833358939,185.77626664457605,10.133603204460378,19.452603304904255,118.3928346686697,48.37898482344343,29.421844183889313,46.86417512489366,5.924084403372269,153.7302949864985
124.03417898345299,195.5995376288578,0.6028449593569203,80.81489416514236,21.825622169553085,51.32188064290236,16.5814382406075,29.908419569147632,3.3735889401132026,87.25327903129347
99.34581109117664,159.1970316084607,7.660499732421445,22.501736672870372,37.8494293439398,156.936675509651,40.08829416832663,69.72713532068087,3.5142138421994407,132.53375814921228
80.73642828252376,97.6106064314542,7.562461625552622,31.097640558474524,95.0680007501899,22.85085277007736,19.02143254698384,66.27914107780018,10.928358320513505,60.37215778087563
71.77613712209029,120.68476865246535,6.726895409497974,65.49537872854245,108.84933542947596,120.4058226323782,17.92503617806775,23.07801491350184,9.256455819206808,73.47212536414742
62.330239981449296,97.44307663938969,10.401088460868658,36.500411325232534,112.84348339966935,88.30304850682366,26.824991976952457,78.56156453916657,2.8312813247684905,92.3608205046423
149.4293716371739,202.08462830925382,3.6187943576372525,53.656910141315734,59.81286122259191,111.1789999835385,27.4597858310496,37.41202864038276,2.6904679065748778,132.7275702393843
134.5929111681594,217.3268146271373,3.899718637932482,40.565880085554284,20.72078827502402,121.30944269862852,17.527983007478248,50.255895284372954,2.084658621591872,104.66494391929535
154.7540365999769,207.488114841559,1.2893940294655555,64.38959496718255,62.53377727595439,76.40618500231008,19.51512543540705,66.75536148190197,12.156510210603162,85.60494789852451
28.64458352283171,46.87333535356006,4.9279813654373745,23.266500189488866,37.68815082484645,73.11959483317135,15.939683370433572,50.059315079657736,11.678231278439338,33.67124449987807
119.63012128054663,150.2901484160516,3.110485262348481,9.67663897895016,44.943574599594896,152.01233288028303,35.14610624131083,50.89014619599604,1.8764648628186271,123.83101132326371
150.75106852315568,233.9419887312749,3.933867021776442,28.994351797845297,102.6721068205007,176.82985786180828,36.953116093892866,24.59395967350183,9.404051133954594,163.53920709278316
37.184959924849025,54.67487750255279,8.845717902556277,42.94469318947442,19.063250323106423,54.664693842535016,26.18149741107489,48.10104844820027,2.2701423286403486,63.855531613858375
19.974440105016626,24.933439122514123,9.854845135274957,18.441604175414284,109.30974609768425,37.57137689632681,34.99304579397561,73.53935252539884,14.556186559134126,50.96783368837447
121.16809739350886,160.05662434288848,2.3573307200518565,33.383783172511095,61.32029029890029,181.60324515056467,35.7577387178106,84.06234360306185,14.606761287701987,97.41702226911728
96.17096697698679,116.00161445398764,4.2250893155346585,36.998641463485484,81.52767173207141,82.98118345653177,14.8396434687233,48.94479959443602,11.473494847196951,58.45638169939708
136.2743165137408,195.46969686509516,9.786305621153941,9.591347495061884,20.75826774828148,119.23713031930654,43.81623086920879,49.65100788153552,14.892833821591749,112.1859610075139
30.965856493943424,41.82349620838442,1.1180846068922263,51.66457985473636,50.48308940287355,84.71776601360062,38.736118148375084,69.18389744265565,13.171795456205357,30.402993721445196
129.29009677898352,193.8289646614234,1.4236052811137851,75.747474237703,20.764110281781495,42.64442054228924,17.15692114185382,85.99404007736936,13.42807863890574,82.08360804638235
40.24409800716168,54.27395134102375,2.1279098920622936,17.139433036244192,125.38524674573314,126.07969609059104,16.51577625111246,38.69426581675522,9.545617758548998,62.831422737617295
34.54839142985568,46.63893114664573,6.452128341268748,52.824641072121125,106.87139791915006,114.52535331853333,14.398140095285395,50.81009445765558,5.590887973242638,71.40979379803728
34.63986968964894,54.43990140672678,2.0047227100599745,58.179136392867704,65.15593052277524,56.5388406544155,14.843249688967143,75.71812704866107,4.266986726746324,42.02403644890653
132.1862080347073,161.80535910765647,10.180763814507335,38.546774433543064,36.83230579884054,101.33642803741002,36.185662966004365,62.6785498561827,5.9080003305839375,125.73536159311527
109.77958310443002,181.29521780494238,4.967145272585204,61.0878069891416,122.01461262998227,163.45055072281625,26.437898993306824,27.74104407747683,10.42743145133593,108.6269085648567
88.4598137153679,143.84732824093228,5.515179603501664,37.85852347928096,51.35159148723661,126.27669855942044,37.402696045895354,63.9412914893586,3.589848037485984,106.96868667353812
63.82457261852537,97.900661392018,2.966586158054065,45.370983038194794,29.31813180248497,37.44511887205907,36.11892130225719,33.07223992181288,4.879603549559825,79.60333785702896
141.58008112196623,211.89027635591128,5.209602524347335,5.588243564354158,77.57972661447458,118.64386950124431,31.161444972682755,55.71511538548829,8.020912941931966,91.72097701921983
68.8667661133953,113.36511305696524,7.119136326370115,60.33760913077511,123.25289444137793,146.49289387212565,34.022831230253786,57.037228736230695,4.495751477869233,91.3909312500505
132.48991592073656,171.26508905655106,8.011771369540428,57.90741431557795,10.459634860038708,162.68661304053524,10.642450353269963,81.33423535574894,9.829655045740925,99.97645009802933
75.87023628553277,94.03998803998368,8.03868082709913,8.072070186107565,38.574981190479846,133.24116415416802,20.91221763817577,52.37459918087067,14.847640426844947,76.30542940609044
66.54166441373613,87.81869997138206,6.2789111269408835,34.460008591610645,122.61371684924892,47.47846961734108,32.32377627407936,39.560969556512596,12.221340485546897,67.6614774661571
79.40196785044097,126.82790089053476,9.543597749938572,83.32254726333339,30.530316022859445,147.83118798622894,10.327073372018546,36.16764437512221,10.996399212233696,101.03579852982395
55.20668112462131,67.20503252938283,8.674078473061094,38.658925005489344,23.589214196778382,141.92153229467294,11.15419302889077,81.19763136790353,9.740822139756682,54.16295306185102
122.14140702643766,182.1621118625864,8.070481146986253,45.15563241054734,78.42246589597653,24.39683892931398,39.816079386463414,31.97075980927599,8.319218638855974,127.82989873446047
85.40805851387188,144.99886303153158,1.0560552168046062,77.79441265277748,113.42125879537959,94.11458016624377,33.94087015922251,49.810799261820065,3.7984578945198955,86.996422036286
44.8319042720226,72.97952780886123,0.5687796221964931,62.380950069260514,67.25317812327114,79.9310444532272,19.28794065921204,33.10211804488629,14.420656831402983,36.902604545227256
144.93618599118528,211.71159787518408,2.6244727719547294,51.56561048993788,129.34771080214296,140.49417156565582,34.07869940415482,74.13128280800628,4.728040030192545,117.72276903645678
67.58368320598171,83.25096337326258,7.135235939134523,68.8243745072858,91.50060394455915,58.90444621596573,37.735983419874216,53.20608479822333,2.369633163672411,97.1650063147338
91.53292916709829,147.8885415023523,4.611974888825458,74.14930131647786,18.88898886525373,126.35694613536653,20.737799908853546,44.58005833897684,12.250227688430428,101.43503306217976
145.97081664468203,218.88167096923883,4.5240625929931175,41.55104573898135,129.13985580183703,184.377073126551,11.261308212471562,45.27697484385268,3.6342330149674957,130.90210437361182
103.63569938709881,130.31842003098038,9.345868882296138,43.00866919454683,58.94730841362285,163.60442699754938,42.64726936407071,79.65499447060856,6.57843999311764,139.23603011483763
27.53470610625461,34.33381370427661,9.455628481318387,35.88407485214687,44.4883040614579,185.86239251897547,22.081294340347068,58.76417680061067,1.4242739243646958,62.21816479204554
150.97481854202127,249.83515425312325,9.591752640535857,82.33649120147685,76.94550202934627,196.1310740478842,13.726861714964723,70.25074957918845,3.056019138106721,185.08652250717415
104.15620796071268,159.83813042982626,3.638780765150273,60.77330034322803,46.51691101850372,21.920622861109297,27.21499049876016,82.79269613754792,3.5980544613986813,76.76553523666936
60.23584219856292,97.2594050287732,7.410558127392617,11.657845296645784,20.37490085441828,132.09342974794595,36.89637284824468,83.12191732284495,1.8161519162526694,44.43342516736614
30.89081089950809,50.64515857604825,3.2163318127436966,74.03676986504148,10.171401169501205,94.31109159660316,17.75765601161457,42.99563380365042,10.849854349342678,47.021338028533926
129.1037783905444,191.83351958299673,2.4060983307444976,43.444795266901444,63.950002350431475,174.7738082603219,19.432151754667718,86.67158842024698,13.555116937046758,104.2142929945683
103.01091338927702,150.26440672925037,2.346324573473692,10.500312513798997,110.42361066719107,65.3266463616437,18.49502453795041,21.741311741022383,6.599731095489115,95.40753380182623
90.01916379644823,127.39635433182097,3.9210762086359403,48.977380413064886,78.67782227560919,196.5853080407137,44.70855684910874,46.3784892711316,14.118647150773011,95.63541185037997
144.08388745764364,195.73411319186224,4.799576197798217,38.37314231805617,129.90487587321292,130.4674345178745,16.90913068056899,82.70592002561891,4.200198618401897,122.73635565723173
128.28958168367961,181.824565030406,8.809491710550684,75.21995238900999,44.421597477663994,162.83673240118958,30.14320759381434,39.22458158718881,5.880856353418592,137.04869902741467
32.75123195991267,51.97423440883306,1.698910934727121,21.31956828875099,43.65460777120664,35.407919508098296,42.38426245799375,39.11570152249229,3.2610548954675256,42.00959380205511
56.75831016933223,85.19205060107143,7.849258473948942,71.11716875937464,29.169935228073307,53.02241925659571,15.141379910722273,41.18355995573221,10.30838793128498,81.76971583225674
47.273370972169865,77.82433746027232,5.814549141893053,49.615095294836216,29.68763059184022,156.51266114615657,43.97989692536951,62.861936939284554,7.298043863054603,78.03634750803378
121.59194388590154,172.86605157734405,3.379453426759925,9.368824257077524,44.222391521205736,23.95757396707825,43.16170320384686,50.683294293004764,10.19925020262848,108.93740229939809
15.029865210366907,22.598075521820938,5.428195845328246,82.74762410603877,105.14080543282326,167.0380374608809,40.96001954703919,70.87143854473398,12.425123580912754,52.246628375754284
95.48345273069748,144.71985572893257,3.4994206977702262,46.009219528256,118.69081487637375,22.510823364544063,17.509478246550078,82.6437449795266,9.185545240494227,70.14008033465642
124.36880286110357,186.0368972994992,6.46081955238306,28.2701483385266,127.01046036492176,138.28139103102922,32.19192696038442,67.19395624600025,10.414455323526818,107.41104103610559
141.51484551426242,219.53436954276498,4.838439228552442,42.55254735914065,37.87475849157431,85.71690564172506,36.63120155364341,34.31267041383028,15.028754715914994,124.21842500853398
61.31226230738612,80.85350631563763,2.1440552907887875,73.62862268139912,115.755705473691,130.06907348945583,44.51097748687504,85.28773316523515,5.485964644132647,25.21822210169666
133.18859570080193,193.94682085060327,1.6658307455569672,29.39224995080508,49.390610713280445,145.28565325804047,16.314833772847965,38.514501134323496,6.387459079509297,103.57852836480015
26.594760543281083,33.299629488616645,5.966956820721301,20.414111718936027,23.54086534202613,81.64553945353475,36.81090648317537,30.49260067297107,11.765550425640054,47.39657785591791
136.96784376017774,190.69425623664986,9.524130332861034,15.325699754470516,114.40299106241987,39.4332406599504,21.858040947448956,26.29770952026726,10.1695827558308,142.54000411242376
29.123299349797364,42.04919623100446,3.9395768655768553,28.8287518712169,86.33267615723423,32.536256194687816,16.146926294880082,59.436861846631594,3.6779935680957223,31.358937174824785
69.59309358405508,106.20686426703566,7.830001072226232,67.40384696320348,29.767707529727407,126.00848406125861,24.748192942484923,27.963372373645626,6.642209650157353,102.14322987998487
129.59430486693304,217.10487134749127,7.086613549397669,42.730109215620935,61.5797509015603,113.71796367214007,37.784256925201575,29.71431188788415,8.017570196870725,111.32477352206297
32.487614102316066,48.741996952863055,9.81554914309481,23.1985282954832,44.47092338524812,153.59618164180387,26.269743129641824,41.002133641684765,7.29084756952584,69.62558284140171
44.387709284896225,69.76846643050678,8.709810172991409,18.294799968779934,98.41534824522364,111.75239180070868,28.813308507106697,39.71571067791247,3.6741221248306117,55.95930297555836
118.33788525895994,171.96068974027648,6.16605258905463,31.61835812083033,64.40994767491216,96.04024220555824,44.83057935700424,62.29676572324996,14.866451376763933,94.72176865020076
118.00548048191115,179.0204520273338,7.070304982341073,80.19394983085671,128.7135934127662,91.65569208252155,23.96882548450991,77.1721695630877,12.434781425409637,114.36067208445473
106.1721449327946,131.17208668523315,9.483864665840349,32.44213700720195,16.569397871151416,24.760442467580145,31.539026414823393,73.29447593420247,8.220337481617783,112.503034152599
114.092266670065,151.4227760440917,4.4951878458693475,84.04992607637082,52.6018319363496,80.40029630539829,22.783547056538016,38.373911830153375,11.200915424602549,111.80169624167465
91.40866650213943,126.22865416234535,3.7679470585777737,43.818436461228494,67.82802005319729,195.68362835440897,23.74749762150467,37.1717348590186,14.459240082032828,95.46527016348031
47.769858836042914,68.60930103806622,0.6081108363519634,19.333113463212072,70.37602656979837,177.240003720876,34.34742637058928,87.60540710748774,3.0426121354235685,50.48075180233849
61.85439902558792,75.63706669036648,8.765510741914643,76.29120734348075,47.912298686276415,79.28805206615918,42.82604416332092,20.57653691143721,4.755595760604665,91.06057235249662
37.239657520213854,47.294813742987905,8.509807004033648,41.82842985078615,97.50882989170816,125.80317291194699,28.98256326723125,81.5804373142151,9.140518708849676,53.03469579844861
146.26758420004424,195.76558107637396,1.5445451810015138,61.773707480361956,114.96964881867697,172.5134141963889,36.893997513207296,33.980996338568346,12.985155570285379,144.58336394272473
97.50876921491808,164.37700152881112,6.268573811327002,83.69692665673215,122.64631623734357,99.42938061501236,13.122229558593734,86.30990261628375,1.5438234316229107,84.09941558190188
70.12771251454598,95.77155884579415,5.139816981668874,9.01402802559792,106.61120521594314,23.232415475027175,17.390531310117446,43.96150993792638,15.760272252945407,68.75571961849036
79.3008705466199,114.27418242969485,1.6870909550911146,12.73556478300537,112.06962367679193,33.41188312735521,27.574607432183637,50.82462417252766,7.823599043235957,62.54837419068776
152.0925009417723,197.42349690979847,10.305682270607235,62.63653931702049,76.06543607439946,111.87068984276719,10.700410327007118,69.49844297610667,6.388467109325845,151.20109476601442
33.00271046741203,49.68195148338389,2.6469588746335546,27.546000263637758,109.10658717121775,194.4990876216581,18.849924256689558,61.136833603128224,5.390866567596578,66.7584392781858
97.93447480251959,131.26565141174316,1.1723418009056115,19.744111756007925,46.420469097754264,144.7777175993962,28.109045143873814,42.2557530794776,3.6153506147630745,64.41463700788661
85.8833018326699,111.94856524477889,6.448473795019096,8.14895038557836,57.817451453105726,32.76491445894251,10.523641938970524,58.76816411074765,12.873608633950418,54.97780769681496
101.71813531519717,148.3341646384342,7.8886667713303265,6.747736958896144,48.02956165822532,54.0849576425353,19.25912001791146,71.14948190540204,15.331212471191447,68.43052998293979
12.716527573126076,15.294840411169083,0.8244344604718696,66.95884824958327,66.08648025375105,158.838165779033,27.99107868165543,22.963446213174446,7.204671322680973,17.30702327624921
140.81858634162273,169.52192273161725,7.087176387270222,15.754674189564,44.269553948636364,171.45915679212405,30.060223679343597,20.783951367899288,15.286310421301843,116.50729939641326
149.81774237254186,196.1914880489911,5.822918759514544,42.41764927769207,125.39337307053361,131.18502551394636,42.40130925693569,52.064685735102394,13.356964231525513,180.16915328915724
94.76997753838134,115.46401439574838,1.5326500887504841,53.47174521435864,47.54135536068018,135.99617053336698,32.587096813771275,29.228563246245994,8.215766912144774,102.06827287879479
114.49762358153384,143.5814943646242,2.225238769463621,39.2681440455077,21.76534457331278,25.100741069009235,24.51575308854978,66.50410040253001,11.110392686891991,103.94554658807621
148.37490717659435,203.1890973076321,6.179742973160805,7.1685321868986485,73.2180599260496,169.13544672467154,42.56229119965737,34.98367193592039,7.524762687556944,161.04035221403552
116.08579514700979,185.88735257022464,3.4635761351328838,67.6801202070327,16.851889413421162,161.88953747074933,37.4709044185728,50.299577475696964,9.380851123188286,107.04192835061899
32.8808564371392,48.861752383410156,9.88315728651316,5.841057963332279,23.265179957029662,66.62632593860249,17.000312238946165,33.836965581198825,1.8706950552775572,53.565416645921005
96.44325402502197,140.45357669244888,8.687402294840508,65.95119155019873,36.326726703549554,147.56180959379125,14.579482647208692,58.393851002438716,11.443952129507997,110.4547232181549
101.00725695742838,136.03095883887207,10.335672065136631,76.46435950304982,65.722029985857,58.67382915649966,33.653407250995656,28.123742156919825,1.7923696672620506,136.0436288825566
73.6196006953579,122.64118921995872,3.0967083895041396,39.62719368457378,61.99011187708335,27.259428989272337,29.595910795194435,21.617479695123617,13.256274203794742,67.18279832036829
120.46663534370842,168.47349551179414,10.19723632797977,47.84339784782386,105.96302344033494,56.20457766626791,37.638576482746444,23.579214667468804,13.374203941908362,114.2625951405332
150.1550522153522,186.72477213132194,4.812338697915578,43.1586714094123,98.73695846609361,52.15319781577391,35.85817675275403,86.79809090607169,4.556159313343219,170.96795921046262
148.83527693601644,224.52296523038763,3.9751879531375462,36.1366894898751,61.15819527888416,80.7946394122725,31.882403685013028,29.960035302765508,5.854941715537004,136.13204736659884
77.62590571061982,97.56949105187533,1.0034952696935324,75.99396282962883,50.04450490907559,95.32090949158246,44.52337600701123,69.59347771957846,8.2196556783744,69.43221891540698
26.985706876113287,37.040893520584476,1.0276525785960262,76.51468085359924,47.97625408737983,111.53700046958743,28.675640553864305,24.75483429559784,9.949943603987222,49.36537883772945
157.72617984435018,229.287489163908,7.420112559466547,31.865309171322764,102.87941047528108,105.81569759149907,13.958701477560194,27.571224656462753,5.310304926129951,147.67642519256964
135.83471296689012,222.37653841516857,5.079289944340279,54.20558032117584,16.248688746552368,68.72142907375209,38.98957476855959,55.621337598653426,9.887296069478875,127.41439439770035
28.699402180490026,41.521528518581334,2.765216260361057,79.15260497166913,11.538597941272698,25.250720343333406,18.814867682099816,52.54096511080406,5.466806098439483,52.20744665200983
148.12628239260584,229.7630290160716,6.639703063252327,81.96467991530812,105.46532703119777,128.9182920026871,37.20557518503714,86.61062166079087,1.8323608160659102,150.14077708683058
140.48445430931923,238.31901109912687,3.028581182501112,45.7167232337638,67.25756511868592,91.23406937252379,43.4987483600018,86.13848171145162,1.0379132474786341,113.28684190390805
87.82570856891081,111.16491284476432,6.276317543444226,41.225984422746144,25.705736626429115,73.76098832975894,34.38784298875194,74.57260497797256,2.517265868776429,82.7064591746645
98.69131536173938,131.9863862465166,4.092087469826904,27.295545274282063,38.267912151340155,176.0493877094922,30.861055633243037,62.14712810891448,12.883760502460273,83.18948184153562
69.85040558051955,97.60113615305613,8.73552226611819,81.7097498552328,121.9004743716859,154.41379540366876,26.11351614862642,51.847222217510776,15.421469685750058,120.07874543615671
18.2142458233047,25.69873605751721,8.706961607667793,16.42514435782939,113.14035707498776,174.3977987070396,22.754345309839113,44.93249740298947,7.404492989218289,79.30453260941749
60.27958624688514,84.72359367414063,5.273503981224013,51.386366083818004,95.1742060268767,109.09690304824298,22.355166284014267,86.29612828828888,8.69025930174914,64.96154321792201
130.4280172897017,215.70257251452693,4.008191093350156,27.60402140149111,67.8670276404792,43.56762538281994,32.273044699835665,62.20361679972799,3.202722536101392,98.35258467021963
10.69480345069043,16.65198353580339,4.125597965590945,27.32066322782373,72.43883514296628,145.31985850182903,36.2945590928211,60.535076938019614,9.265470290202355,20.045077114106377
60.02487575367163,90.27456837730777,8.55714525668218,37.397486990095075,127.02934423407503,57.09328038869154,33.748097431954506,36.23307852382404,3.1698235301046527,95.4533005162823
69.7253040386415,94.45591825349145,3.78179482797612,84.90343486525236,125.89245326611446,99.42134043650903,16.944353541774696,23.268847251957915,10.16821496798245,91.79537951086665
90.60934044068843,146.0527602166625,2.59059373706846,9.397304547185765,35.83228549430011,31.70014201079993,27.28955130502219,86.1632005831681,14.998880013712808,51.56627704010072
147.97834246191408,248.23814667448517,1.3468834187530683,51.28334545628252,107.33254795663818,168.55551243613684,37.70740252640721,41.961468119125776,3.935478089545594,144.07525902636266
61.951899154894186,99.77967557923499,5.166931208844084,11.605772642822174,33.669119940042016,42.6693153885501,26.64964273661697,50.98123163271211,12.46845577085653,48.77589659774938
62.04298028443415,74.50012823658979,5.321320989198419,17.361666399241518,35.624497346074165,182.55755126887576,28.781814790742285,28.024796050999477,1.3525363422748606,84.65416565266032
120.62518721646225,183.133241871348,8.909087104029071,40.165035341831896,91.13116409974921,175.56150840708028,36.98976168597878,78.58470309365043,6.632458619824315,98.17007486283832
77.83269113347107,95.38923153505291,2.7123869644606398,45.836810507715306,58.60013183050581,103.6248975990643,33.1442857192782,21.934228299915144,2.6612276174576355,72.78910101704803
43.690723440997296,58.0563910391991,4.309912736683999,25.70339266916192,121.78532885278243,153.9862767747183,24.327072230883743,78.37935334693675,6.287131623935491,47.6642373879173
77.86592741990401,95.75658590237038,8.584057388936909,30.316570469953295,20.68116818752106,131.5001132872676,41.33944489179766,29.819950895157675,3.6030537945832526,122.76931609918199
31.128553056969977,46.751903064710085,8.736236107489734,11.957361620474645,71.38307689713916,164.55361562079406,15.689847403221751,82.05948788418064,6.599574851843311,39.13799647901182
36.458047975933496,56.26552157407294,4.346110759787682,29.257582707540042,120.22258365317455,97.72491814146417,44.843075700661366,71.08408461353102,7.2628420916129555,63.051104290595006
84.75516591092196,106.55790847261903,5.091240232866809,82.32467515044353,118.49363925754062,161.445527163983,14.159840246668303,31.526918375511357,5.508866841713775,107.44287907348657
72.83881742568218,101.38576607231414,3.5328589084928295,80.57659053379854,28.783505609888948,103.24222707172663,10.523248988648362,59.60725950016277,10.849329242096937,83.46904959395476
147.226885160215,210.25740224720548,9.82554878419312,31.7902632109588,53.99652401157478,189.3738418117029,41.15066154020677,41.88594200486536,14.782780768883645,174.64644158807718
64.35908486749497,89.10685921505211,1.686437657415803,50.66831490230093,84.29456800560355,107.54697814852656,18.573372792808463,32.47631692381084,7.0089306115790855,68.48282291108796
97.08825254170652,122.38095595553112,9.8374942300147,77.76763128887555,29.12738617256826,103.27146894807132,35.53948696063523,80.14275395877759,3.8851473471253213,101.21553340037065
104.83964318792955,147.76874024432868,7.338664518353433,5.494705811271734,126.16266064548864,161.3129350814323,38.38553812262242,48.24659365550606,5.06084137293975,113.78998564740299
11.964168488250046,18.850612550227385,5.815721526867312,69.85468562700734,119.76991944731924,167.88398451695082,40.06452368612409,47.898060005576774,13.810012352445534,56.24543334887142
109.53060580250659,135.3254832194822,0.8265906078449587,80.86956422311351,30.034021484136304,119.80804057781074,44.705798248245834,31.8920672364634,9.57459584905222,99.08685358718381
36.70539503046271,45.51799358176742,5.255961918220083,12.306058746684565,24.53865535131825,52.363606429113574,20.29138985139997,46.81459732600451,7.8251654846043595,47.2353719538333
154.16054762041827,212.3385254592212,4.577481050027323,17.915814882633683,20.249017936991834,104.1964815723643,34.858516967454065,81.01317924301952,3.244550822633901,129.83060078841632
32.29940916296694,53.96788303499326,2.1121881197512256,81.85970422170843,119.13323968439573,194.2530505237421,14.038995039828988,45.41900973427451,7.745909624856729,69.74157405243115
72.19361855905356,110.76568158912974,7.064096035006569,48.0032114912277,33.234857175455296,155.53751474705334,24.23832519748973,86.61224937498517,5.1773800503608,99.1834301799053
22.80245021179658,35.10060920279005,10.211509073682858,6.135730757737896,59.95419142532257,166.0092686982438,39.679009265940664,86.24162294458712,15.147446917800238,80.0844318086992
159.5311377768921,220.30611929355402,6.121888110645251,25.610559901082333,63.86216387824036,25.90858978746322,22.86803161206879,30.14290615151422,14.26105164123597,131.91025620184084
85.32925154968639,127.72341735373328,7.647532764439458,40.99549394150877,81.88132530562811,104.21470327414877,30.688338318746492,32.41178774658514,2.25853812742297,127.68366823753774
99.30775259800657,119.67235567608388,1.1845045256601678,60.432712881981416,18.608241249690995,136.39180405835998,27.632070530362192,80.38718492323224,8.749802338918643,69.20113237406551
20.06147160826412,30.454277317503987,4.676669958169947,63.652830250943964,37.211034088061915,169.40588305305346,32.60830358892157,47.49326432473035,4.3758751827200815,74.68564733768027
122.49407055987668,202.92900257076099,1.6635848516449587,84.63372103403648,121.77884643027113,28.869257644898866,44.05130362856932,20.306178759810653,7.161656342864359,148.46116232534783
41.485838964337866,62.489568887994984,6.627958355365104,28.000895950700723,119.00921287222835,173.43899941553715,11.950743427549074,39.17102737937597,14.152719973771847,80.44920712090025
144.70814341610705,236.86542278221788,9.884821582141546,48.05760814947802,103.75487768868307,118.71216861354411,30.08865311255704,61.834029523689196,8.912717798328172,155.14114360033759
40.77094607230107,63.68366848786486,7.117777324716386,47.6658838287684,12.328149474185853,55.51651470369079,40.206007273759965,75.94861761719775,6.013229400561397,46.81525546415368
38.60315809954999,48.6507575237915,1.2680304831442153,37.451620755779004,49.24081221953225,77.10593896094599,26.848394911194962,29.33720319652817,4.1183253115749565,27.63837410482254
15.482450177214233,25.565034396314704,4.046662049850829,18.532951507393616,85.35504824114894,70.74731931528093,12.74845150795505,27.737895509171473,13.004872891097339,28.88455325698487
80.8100417664999,99.65671503855835,6.006633794408515,83.19652505470741,43.022825412817085,115.55462617192565,29.61887733458698,84.54648575006321,10.367770230465208,102.75894990585766
94.72616998939246,138.9617507739538,4.532077561332522,73.26537493332688,119.15040340645328,29.303422384003728,21.622586178833714,72.58038574758078,8.020981906393468,83.0869579731568
19.856295914252854,25.238713492325267,8.836440104751723,44.86664226353898,86.06673541989302,48.536508529986236,15.422962486827757,61.28457205446549,4.262265307944671,57.383098275559455
126.32914250425159,152.33441405273499,8.646710047099893,53.259633814722385,18.628806077973472,166.28474780764083,39.71620796492155,73.84307529971497,6.01369561235697,138.9724663247618
77.99332521220414,110.04991790505842,6.618310201032214,23.180884284772986,119.08067066028437,43.86871833442599,28.255982954689255,50.01980529146469,15.397651401077777,75.38295126631236
88.65854039913701,119.4691877284374,4.234579451327052,48.50296563133975,124.9319989811467,62.01132850246285,42.664674433267336,73.09190231163886,8.801349064087514,110.13962948705014
76.11441204073422,109.83311536733659,3.0533637376324414,60.597610649718064,19.325490207007057,101.60670900874831,38.21057766110742,46.0262093892175,7.010489218648794,38.81446409335345
70.1144591312989,104.37237989207868,1.5587431821312931,46.21336227092711,73.88322818335779,113.08175986039949,34.25401278207836,37.08662007448217,8.821330635224857,59.827694001785986
93.94604969623268,114.78981616588095,4.04897683486554,84.2228136467953,46.40371386570045,157.44988633054857,10.175892617785918,71.0309394905078,12.68482758849413,65.59841362847851
33.286036889606876,41.99039037704435,4.6317251720771955,53.9073324998181,57.14068917776829,100.5198367999138,24.973820982338747,49.37706045100878,6.1016340475430315,39.95658059504561
37.28921957429067,55.16273298152272,7.258229251040736,34.677897007373524,31.558146154641026,162.175631786397,16.91201985782113,88.69639730283365,3.6805918139891327,56.244546079010455
139.26784315202758,191.0175003407062,7.081598242975735,66.77216220926705,79.3686522414895,131.30233526818233,41.87792688671037,44.463962761567075,9.774041775085717,150.36946338086176
151.9173193200449,237.687823957934,1.2010813964125695,18.637000926531364,124.95752238986687,40.35795309628804,16.11043946367261,84.52091943717461,10.978061552216008,111.06118763797389
65.99639744196294,100.72012637462896,4.452593154311578,35.76126509650132,70.3687120325931,48.13965891071095,20.012101808074995,85.30737839969557,11.690770044378244,61.117834334064845
50.61170097153307,82.13277874577412,2.317788672173619,32.75671603020687,19.94974976733774,98.66607058095875,28.089286870707472,36.92970629453223,14.229813861491944,37.73000351426536
106.59993148585237,164.82976172171465,2.068127053168057,39.54456760862218,84.40016001728901,91.44009075602713,19.217726664932776,75.87548271116094,6.567611810336696,68.64550438555194
71.31012566471446,100.90137037558611,8.77302149737246,67.54238607429811,50.82675933415084,153.837968534713,17.34526370476924,50.31521536011956,2.130323443433377,103.4398232508715
13.80795334905173,21.21568988260769,0.9191521671625753,43.73384257307259,112.71102275095573,124.53268516352334,30.968476378596336,84.22673090612436,15.375228754464134,11.27077780423172
33.42288960492856,44.709484819121485,4.691828759021213,68.52115602127702,62.16137779797643,89.86395458040488,13.112533296425834,51.50869908446671,7.5251789115621275,23.39363383699268
117.39583432710963,158.85496556989372,2.1820365576651817,51.11911225118927,33.140753073069476,50.73685102106941,12.035871555232365,72.10126021361563,10.34886264509697,92.00969563048656
108.8385912865227,173.54232621970272,9.29330215678474,32.365554772604426,32.93267472293739,60.83067841858912,23.0285853315125,52.68771864146585,10.994579846924385,128.1938185522586
14.064398875522524,20.01658972287189,6.070405132750351,69.79829949467779,102.25170168653925,123.59018332443061,35.22325590777518,35.94605289989993,9.197705630518053,83.72128724331614
43.295824289942416,69.23825661774438,2.8138063637684803,24.06317364424733,41.870511796883186,96.21898488196264,29.41823653958818,33.95450902612804,4.078862946044051,61.09061687259421
44.66121948821071,71.95865645705997,5.524272871663764,22.950638383983637,102.06800729910675,112.68695159492097,24.80067639633726,49.78018359794419,12.327145751742123,70.7406773056731
110.78391153980927,180.44274892544098,7.814863597031158,45.36023392438686,34.70647729199193,50.721938354402056,29.801304747860385,72.88462599099505,13.056279614561225,122.33184608081417
12.956580663154623,21.48612598171873,10.081180089194337,25.86793967696711,48.60236424415713,139.32312542202186,22.790801962864577,62.355003962653676,9.294633790261598,38.028093557426956
25.61628729768608,36.259665372085884,2.7044600424541896,5.726962796097306,65.85843669276392,173.45697335407408,42.76512174012395,68.20405029303802,8.328417408772623,61.32119066089642
129.9874128059784,176.70923173879348,9.361817721293452,56.86380218390412,123.18350196321408,66.4291112216421,11.921671181877102,39.76284455123597,2.7090727469197797,138.9087638202817
36.78169930815004,54.84516878718332,9.843041141674902,45.88750571779184,121.80777097045896,108.47256064972879,33.56870176604423,53.70047421703239,2.2592749224967577,97.6944593904628
107.91191617778121,149.52126313609003,9.664205445320663,40.64142515945289,34.824625050674534,195.59491922376233,41.19489326897127,23.10766854785289,6.093472683452931,142.78156687216057
45.72741715700898,68.6156851721987,6.854143568619098,82.35748116946523,52.986284949168734,79.98351329913098,38.13596480573387,77.22726911706845,5.662692332760899,89.04063505110808
24.916208913901773,38.689713076846694,6.798206544347077,50.6959347170331,27.92792661445268,127.10834208627702,16.441436218750635,89.29245135679122,15.304846764449069,33.749024620500975
46.475828649918114,71.76809122049386,4.532106331838228,74.07452622315076,71.19820951761966,36.23522603604398,20.35742221431009,48.48153438372697,12.754341136651446,31.565883179124206
118.34003977834887,164.17034950854693,8.02397882303788,16.156018896412814,65.26990608335998,129.08270044629978,35.09667785474866,20.767455719208034,10.898864428885899,150.47859592281452
138.35447021594285,177.5682916622096,5.812940183509319,50.53651705035421,118.0912194940879,36.13371919483122,12.949469571326794,31.885484768566315,8.764721335264076,106.98158956809264
134.53297968504876,190.39977299463533,7.2743807122829445,74.43837013847224,121.60064533492871,192.66237835828798,38.41515949414044,65.67688144252932,3.51051296089977,171.8003245991382
69.57752944276822,88.45370946043452,4.784579038487955,51.64846058239184,56.028086920875054,148.81927737301606,35.16174306116766,62.84555227427014,15.676850082764258,72.93957886189253
110.21277048559692,181.30535470702796,7.81496464043139,62.44113425016012,69.00855316227873,161.86876186442714,35.53623272323699,75.15053037098808,6.6256104736031505,143.8076083465383
40.74764431237315,55.94401904775429,8.74471517604549,34.763485424976594,117.54834989753597,146.73878493889464,13.508447959365698,37.77188076727477,2.603884036708672,95.7263251031611
53.97215953915199,68.93485450673954,1.9643625660281612,12.395961362965329,106.80493692940738,126.15122649376384,35.12161906856808,73.45423408829939,8.40698343573619,61.67503013579095
144.45037277816797,175.1784165361791,8.82929715574228,41.63202361016572,10.438757361357913,100.98430059539096,33.793634382698954,68.15888150665688,14.109970174196249,129.48003958733196
11.950288526610406,18.199228158466248,5.902965317903073,36.558351267108605,48.4071477020299,174.50720835699124,39.08228717876477,42.597014839969034,14.309365026659941,55.55802166596725
22.826279628170212,34.66059075083005,8.946659090902243,74.36481459031579,60.61290903233511,192.23042015775135,11.455858468976432,58.18417036398734,1.1644887408467088,36.47537817009531
41.1829382719041,56.433066110020256,4.813017063410146,24.51962418819778,37.56595404198781,109.82651112273463,10.808873396372727,30.30916659488287,14.294436171270995,47.26712093187579
13.979830581072957,17.277056725656998,4.29040485383035,82.33873820280864,33.948593907512645,187.67630884794715,23.055248495749623,51.67951524049079,5.072263262497878,31.65685556966976
37.2153152634696,52.28061254843987,9.650607325172224,81.6510495843597,14.53414079148156,124.99992379793315,15.20758993472035,81.68381376889486,1.584585459526346,64.8939241124435
97.45623414545382,132.11252350907444,3.0116926754840128,24.810531445715096,87.20436700837126,116.90915364135797,29.543456714957767,49.48339658777736,13.716854055443115,70.3820961093216
73.21368258887469,112.643666902617,8.942123252861432,32.844156438185635,41.50123485797988,101.8068919319642,42.10721155273621,78.76966945327953,13.958001339823124,66.38003706951446
143.90075666154624,216.2669541769083,5.340205725094041,76.6444592699108,16.28166141175757,57.67179707542157,23.70179056169055,61.317735568178605,9.94346619763525,145.3011445930789
132.61653426076612,183.3154194363041,5.640954425512597,82.3297776716886,37.71751726336764,20.669538947250654,39.57326320454115,33.43136991716497,9.616506359445376,142.9264595013478
61.272602754681394,80.2025452656521,3.5846828148948404,40.47512822688353,106.22967434033518,63.471120834091025,10.008430608125327,60.677437128852745,13.19680408932129,50.526349470950144
48.91351501469387,82.8603740504372,6.230422006190157,30.679763651271827,112.1787017975856,111.75017088864173,15.898012521071447,55.41883304099444,12.794643290654196,65.68277012029837
66.95386122509004,95.54321424087333,3.752111962762113,47.087521060123365,67.96794942319632,88.39279140675546,11.064823887892997,47.90489346374688,14.351582101640561,55.80666330587555
98.54424137722116,152.16582086489043,0.8926941424165231,60.02153650925878,59.92848044904234,100.72734104047409,21.485151318027402,28.37413076612492,9.291211713950553,100.94326847416522
50.20954612343144,63.78000570232315,3.2199860534435603,26.877961229998384,127.34244322021381,196.5166795215289,41.7866358493776,49.16960646930609,15.51470639099213,62.50723958171312
103.6223361773701,149.50577296403125,0.5637904340659068,63.91785396952582,34.06775915056839,83.04902672047896,13.39332432596457,25.093366336773897,15.942202464000077,95.66181128225504
71.41174782868606,86.67732004209698,10.283547870568567,9.132588569171283,35.84311394255302,101.39292908481941,31.224342186033013,26.913833597912586,2.7481691499794887,93.38748241815993
92.80707712779703,134.82339860963387,10.157472098197475,8.943559421153315,45.02406124436797,44.032799243507526,25.802357869180547,49.11415730529012,13.743156393311832,85.68184852048391
75.4189793702975,126.85537971436585,4.45155297472305,35.90301641164362,30.730878193730476,28.632391838657774,42.84638743280344,41.37670373779246,8.497333866228836,82.75311685950025
54.16986393128765,75.41004939950923,7.78370854339646,33.27785536485764,55.52387178450239,159.57371262664904,14.288169988798284,84.78810281035564,6.813495074497482,53.992173471260394
152.2679960443235,185.69051759743869,3.95806098410425,30.25065722937218,119.30010723877045,122.72297151295615,17.420974767578013,46.29940637661893,10.196084648240724,130.25342434376637
124.54086912396413,151.37667350151432,7.210931570859761,44.2815810135128,83.84174087542891,156.9268650879011,11.033968901402265,73.05006854504701,1.8394833589301054,106.51351317116968
31.01697636496788,43.23745971955772,8.55430043045979,30.658686584925697,59.43358583347164,46.975303799579294,25.187733737098082,57.11732684563699,8.596916781506199,57.565865164257545
140.27019638468693,179.54760029369393,9.967562446922408,20.380633477447354,122.12929534854578,122.92917881288437,19.7241514847629,69.28599680496347,14.0633585504,145.54891633538546
83.11467973742705,100.70806668866982,4.50212275849672,29.75756392708807,15.81570789709868,65.6556453814476,40.44670768616123,38.20811881107794,4.201922742084532,74.11417812907979
144.1828340341137,227.53591183819427,8.332979829560477,82.9923418248188,35.23314134822336,61.051127042003586,31.172928461921426,85.93334809868304,7.395848421541377,132.1876827874064
129.97828839209728,185.77296401194803,3.159284506321188,37.88907335958789,77.90663261221108,22.074682529537345,31.49317582914956,57.10619478400967,15.092213315723132,107.76617371862983
73.78202567038502,99.20896339981755,10.403323037936483,40.57702214866686,83.8663147831815,43.461330242432936,28.616874390845584,78.19268498996747,7.428457567085459,77.75389520683154
13.37039624801761,22.06170990417478,0.7576959876435114,51.1235991960912,14.746900787513578,75.66826006994516,13.214761803022036,45.553198543327944,6.375514484985975,23.54946257105592
50.301603907741914,63.282912676422214,6.535288065011209,83.66726147313813,58.36465094885586,41.03817690636903,25.575653930387432,27.014794433536718,7.608049721850674,81.80139206733631
91.24513219913004,153.10562859878888,7.095059816513271,24.32810211486104,87.89847577970473,197.45451927396874,44.98268163979808,67.15981534045942,8.791791497763345,132.14776253551122
105.02173297392208,142.5127439462581,7.380455570741288,59.502568842594705,93.76846556840819,75.55387673431112,39.23302517961052,20.543175383619715,10.479870161972032,114.49004140157349
48.683152814980346,80.04492924817305,1.7038757878908901,62.27877548333793,86.57678830195232,43.45831040641907,41.27106689584906,53.27050835958558,13.010392013750966,43.04363925822821
30.90341111092362,46.400589127232166,9.885297834731304,53.585953343445276,48.46758692331095,55.83481630903239,38.81292257362748,33.496133186652145,7.781533086464714,68.28424311695107
135.23953551989487,218.18920229503254,2.3118327905008282,12.086267170931526,21.22241483174914,125.78658110146577,13.606459270084393,63.91628531047535,13.262214026352105,83.6852804350396
157.66032710553282,266.7623111205953,6.7275340323984105,59.149782066206114,61.25349357032009,31.527834295661933,17.96068889226799,88.55939111964965,9.005809920281209,138.42514749478315
88.85352734540288,119.43715304237887,2.7267607912308494,10.127576882894038,25.450532484166658,175.23814342540823,10.109257797474337,52.508203442445215,6.077207655519665,56.21126028266278
35.751892877245524,60.08347791010045,3.5721641702127087,52.691411963991754,123.71483902248005,193.0699422626865,20.6228543707339,77.22487795679666,10.869262421791213,90.05993530135717
50.84609897790534,70.9171362626417,5.964585417281244,64.16649417773941,67.02050392271539,64.41453572012855,13.80125908212724,55.544893086578476,11.76583382115237,75.44751366825398
12.75860148212001,17.769618158119716,4.671934185645765,21.877591249596033,48.07110092282411,101.01714834635469,26.547767085555407,54.70880217728168,9.370734634442313,30.41692212181059
147.14482098407484,201.61688494129822,2.102256009765063,72.32976060342193,101.956488534268,23.984201185309473,33.69946210008656,85.12964452251445,1.8492245970208512,131.77398188429774
27.66266243352117,40.68358286072372,2.209364024208483,7.428304442640341,69.75383110987167,135.32784045089988,40.6076853263327,82.2976108122677,3.5482431274123734,15.676223393546131
96.47747132713803,123.20872758430211,4.681447881627997,72.50502909266449,47.20408288149401,94.50669044946599,36.22260077818144,75.00603256315821,5.279465813353423,131.56042733004918
51.1082831030809,75.4795613992494,8.072829782755008,41.82632405142121,107.4361290868962,68.61052389828004,42.85049585224768,40.73790273217489,5.239384089272397,79.79547942762419
93.126700377369,136.97563133198545,9.479646468477885,22.40703519453156,114.05825812013464,57.23067991098952,11.886440163782607,58.15058910067584,11.10131200370306,91.38422744530621
107.71305825277963,170.28905706533894,1.3412766225938284,15.70225159951744,90.76097995464124,137.72415397857688,10.42629423957895,35.67280633139795,1.2752299251044887,72.02283768767049
134.46127055608025,217.40034120787413,4.43103907559401,81.2645734065898,15.635730688920075,94.9190655858166,33.146833984267445,51.07416886325778,12.335226655742797,132.48015390892664
40.963190764090484,58.17677044352929,1.5024556372287663,10.813247006492537,77.95874561998386,52.33867202538416,20.12733435777862,53.89491460318534,4.980137122103997,20.495646865632917
11.649374298772072,15.740245750856255,0.6659248063259788,20.92747359487405,101.5953894396738,144.03963466762832,18.87253556370206,78.21480281185316,5.650327693241536,20.484597945811622
30.53284451032109,40.59852946032677,7.117186826439566,32.825787794643674,26.38036145002986,121.71301094660485,21.5810480692828,82.72198557274952,8.918647419158864,32.0925035179939
145.00279627721577,188.11385580486225,6.524494419665878,54.61878791688964,37.4404901661524,174.5609698873093,19.442862026232746,49.02340436775345,4.238884014084363,120.0474805913037
141.0835116343773,173.36677562818767,2.130191138148862,48.58408682208787,115.89941260817638,41.145661797768724,27.900274220555556,21.239311155126604,14.267069703632913,104.58871913213696
99.61196532554625,136.59031648739892,2.8381283309306413,15.051479392985119,12.414606622368884,161.41998835000211,25.40519565284464,80.32416878525483,2.280531689898479,85.486158176885
100.07752906504801,133.61589551004792,0.7370775364451838,28.178238699057168,100.32725653911712,141.2330216271066,27.934999298182973,32.19950749509525,7.665735434515973,76.30088141876305
109.75550118193833,184.74141368667912,8.849472056944037,24.100141686881926,66.85279510173075,40.7019686290576,33.54497640251527,63.53173747232755,13.74133404182335,97.25712166780141
36.30569179351744,53.69083253040016,10.246905960485515,22.083428359227312,63.612659060752826,145.06773137690973,23.54956781399019,21.747963030389183,10.237658416318537,87.1910833863846
147.16179188874398,202.14710593926614,1.854595367946908,37.891546918398966,10.851583899386462,99.47851199836947,18.795769049975487,47.9654532682395,5.384942737639502,151.31215815224596
72.81557873381097,108.51223663186457,2.814752137652981,61.322516207332555,108.32778771597913,190.09726140005176,15.817018788306092,89.01722114807448,7.311403116646911,80.83187042526748
67.47077923742461,85.6607900384461,9.18409523946934,22.396234577378877,53.178988076387974,45.49004311122188,22.231594183641896,27.048552077266216,11.600415705137719,64.8610679983065
87.83765579242564,124.90706795051139,9.764637979561849,34.33431037623851,74.89187575606515,135.71001034683283,35.96322663361602,49.65852063997496,15.59891115045849,100.71894066584774
17.04489501625826,25.790923151609793,4.696273828068104,36.27339414729298,91.27608236027913,88.75640818333027,36.48467185390143,41.50049651329665,14.397080775691503,44.25757974218165
34.942505313411914,50.47266391865595,1.0062247226907413,83.11652235483281,94.3155491725499,192.226640706358,33.34168853394736,83.3561686371785,6.136492125735652,49.72533213397989
120.70504246395556,169.09441455379536,0.893918336928194,81.3733085503255,124.71760705912868,79.39548115224977,18.19098613574061,80.85380755351486,15.972968189317863,103.00680876222812
22.41980018876897,38.04470137505336,6.239498660690105,69.01100662016607,73.7607943883931,193.19346370852404,30.583018604914418,36.63891322143601,1.052569952965874,79.06231475417228
100.47281641995824,164.79123144853403,4.4289510889317905,24.33271366553481,57.966346116931305,182.26745319813483,29.974138155189678,25.683145093530182,1.4144463371262264,133.8758673593052
46.80236645219814,70.75127679376868,0.7865242757765452,10.442985127333575,124.44443517900496,68.66898235591813,26.949316933840393,63.899687584278226,13.357607727567908,35.01057344467295
68.39434210629648,101.54430554169647,6.332523923125567,30.35233101764998,87.05322820306253,164.63751982875698,29.249264523435247,43.545809831859685,3.99194030249578,114.63593454204597
53.30406051560498,80.506734506833,0.6130253658902247,26.343563954706468,45.778042753186675,199.20875632463108,27.21267214182838,67.04590734242441,1.911539025943613,57.178310589475814
63.35090746974237,82.39774132128973,8.373719581492729,45.47406401171151,25.175709448428538,65.47934039083083,29.790972812593786,22.248382924747013,4.557221098547533,72.83503119528065
117.85688577763682,164.71311487033216,3.564328227033716,67.21823280542344,111.10654017582175,98.61989047819755,35.04270841173951,29.33794646242426,7.391502309712903,157.30031408744324
54.568257343476255,66.55852778489349,0.902580030092321,73.66583511030865,53.461792335298185,113.63253258201674,13.836986804120391,68.04605629408503,11.958494056501072,15.169271407141022
94.96069604453457,136.53192661392617,6.383522209831533,72.58912683284068,89.25636656373175,73.08760444469559,36.236901325215825,34.865945871174844,10.365032898268083,99.8495561989296
81.40756032986495,119.79222568540457,4.476844144330547,33.77404489784542,66.49797032390778,22.747671136285355,14.756015254465797,80.03113730336811,4.564318263406307,54.25446663075617
109.55067480439722,143.93587840359166,10.238004133571495,59.978747476854636,33.8715735754046,59.6232639555548,12.331979944363114,24.10136213970948,8.549056721508766,151.388683926726
150.5244608987137,253.18431433365512,5.941986625037022,30.026735801937605,82.20239303445581,70.74863918151652,44.162789017751365,35.083738794990225,14.893211580978532,175.21630756100893
119.88581458153755,198.37833092641833,3.252391810370083,9.872443458814617,17.281968274081876,99.84794623727369,43.494711910465455,89.8992173939548,13.225116654756366,117.18744498684083
42.24105678861351,65.94131485553922,7.594388646339747,61.125221248235384,59.60109518454307,50.798446114412336,12.115279072919742,50.31532718107549,5.847846772476901,54.401472971214076
14.6774702591927,21.527347501208574,3.214920025427113,5.786204205583028,75.59379275964052,177.18578420450106,25.513870451623674,69.20759644812505,15.733968420335444,61.76725762018434
49.33960664497376,80.6694960391061,9.54243291407565,37.734606996679084,62.32563689422949,146.8840038916405,16.518572840492116,32.78641341999096,11.629306006526965,85.7233933827683
99.26168960503823,125.59841372543353,4.247219705073764,31.350341544166056,99.8406610301189,35.336085960739155,26.987071399704632,62.69081144898764,1.9367403350017267,103.5820941847355
17.713872022637553,28.25814109137849,5.998685627762052,60.470203081508195,109.35099454543749,137.01664120518765,39.05620350498556,70.8274247858593,1.5274106993295802,64.19390442177006
84.45493708018545,106.61679149115638,1.0057310382422886,66.29963782083031,102.54916888398137,137.65816575301167,43.27141211600116,42.013364510655734,3.52611923515045,97.55700812869091
99.52642733753338,158.9541877034989,4.761212379522307,29.327570877702705,14.657553737416254,192.119811255853,32.19884287080381,78.02279783831145,11.917838020752201,90.34354930367341
60.13658362254412,80.45576006131962,8.82363539660995,69.93016115558828,33.29545245351667,20.543756844109026,22.386698352413596,62.23923049305983,3.7560838876364184,68.86224977110452
125.63683056187328,205.86163703164652,8.55648805363342,28.5133408403947,74.39290111165292,64.6278409650453,31.116394797560943,47.238610673052115,8.672301538132503,138.8517468222379
25.989737970065768,43.45538888969609,2.7431855885352627,40.7061087989249,122.17864485325615,187.00246628755679,20.920045713795762,59.0349675340211,2.398901802712476,60.678965301643736
21.270667260371315,27.10729548989588,2.760790710105627,63.161482161130714,110.19481300625402,187.78410477169095,41.843827429122115,60.3732593205147,14.813292367452927,51.97144370579774
119.2283134305405,170.65599214534944,8.673053122132368,60.433618337983084,111.1041410022162,149.70555548671473,40.464016208704294,31.587470488570624,6.159409203753514,171.4587950525347
84.32369743092977,142.54867834699138,9.803984201693256,83.989477784976,46.38498325116099,157.83739778855718,29.538111259788135,48.19126589068763,14.621980848409462,68.78462217141742
113.2603594641604,163.28788133997583,1.4536092127300355,23.01288193727455,61.53374764944431,36.46693242733648,21.36796203831262,44.04014116136452,15.173134628658165,88.55628767675705
75.22410079056193,122.74871388421141,5.000586394262252,57.98543308316659,66.48471367791248,112.49765026008205,20.26863864540424,48.06319058053883,1.0919297097052119,101.84509261278924
46.960304985866024,70.17587190007919,3.8745427896422897,53.77455266206219,28.88459000198925,61.68493843201989,11.169629814677082,73.27774119396805,7.962027807980981,56.00237381259025
132.86534765112995,184.3725865311582,9.206884554574394,78.20787635920239,13.728175629334757,52.61924785045111,38.55372978588534,53.777688522667084,1.3698408356033933,137.08184788412515
129.91238184534689,174.45826940971511,1.3352491468001877,17.508971331590004,123.62834793526203,165.85459384219985,25.76341245636528,85.8221307267485,14.630391494543588,100.98654876324964
114.20447062816402,148.64985752224968,2.611259425580374,65.14385308695464,38.8855102796208,44.306864602498536,21.379652494009257,40.55734893509053,8.776113171018638,107.62731026309517
50.8217705844944,80.34409115833331,8.024683375864942,50.461489301501466,38.79386844683576,104.35729465934934,26.488862424921386,49.09925047994503,2.1241601904774523,101.53874027920092
98.53460003036307,137.2853271541061,1.0129384898121558,26.973269583032433,20.005486452251144,188.94408312548595,38.65582966591282,75.08697673353291,2.654150924148503,85.02112960352771
64.14608454100403,93.37346096023998,5.425353807142892,42.954793131773926,121.42093023325343,53.44977000176166,14.361497269763241,58.22172153245252,6.752635367391086,72.8562370512923
23.73731099899512,34.32801471455295,4.9210703467972,31.702127765583825,79.56845379277264,196.03881627288223,40.01795958846395,58.29197024971134,15.103512893093342,79.05697242437859
147.5970363193364,219.71878050526055,3.8440117898874866,51.34507222307687,90.04442285504247,198.97183743699063,41.41280922879239,23.733811410362847,11.393637273521213,123.72893809540157
30.52279463784421,49.83727029496784,4.445723153189238,76.12004886517327,119.3892264715663,120.01108784283252,43.134777026186086,47.90197639029191,14.014282992836986,56.50696033943194
152.53560307312037,257.84155730326177,5.79940586930233,50.544398752976164,51.47442026809474,50.62569323188842,23.912079734791973,38.95136126952127,6.496849695099694,164.83313287025652
76.90086594369336,107.95282842458275,2.1136735838838314,55.53779346612672,84.5808773365701,76.89887982936122,17.599914141318514,89.95345859817807,1.6482054932499748,80.05400015128794
37.76993932579295,60.95159693040186,6.219958782835928,46.499827769176754,14.655934567466495,96.40870988177633,23.077428646334447,41.58485494426172,15.614764558066211,58.447734432542305
91.28514210675372,144.43718471791394,8.554323292999863,9.093240515638072,32.41270338773552,75.67836038448013,21.651923368099112,81.91475743557044,1.2575948599355433,81.75406158864432
140.94187538146124,209.54737345960925,8.10160929790159,23.62868455008754,109.7494966107931,70.51440437777285,16.165386937600104,67.33636145283342,15.214774796216336,106.64443323077649
119.83373296143418,201.0838286067882,2.038999046937737,44.36013835456662,102.01220276060029,195.00134765894435,31.25433345355208,43.86414864344633,6.53016135773717,118.9981906008008
130.98417217921747,170.31050084481973,1.992494697414739,29.81882269957638,52.07712297485762,47.60566893483421,26.68184561780201,58.047406486188656,1.1513560753282228,125.100095043863
108.8175050066076,136.52593538413424,3.1817436774491332,19.541087820895537,55.2172753329055,151.99902356903522,40.29953473134013,78.83751159644356,11.337358475867624,82.03219994385839
113.84148467767787,185.2179307014511,4.1107472634103726,45.330627353475066,74.02653202642954,20.07385209905148,11.12383531687204,81.83578086216383,15.708104560470312,81.08809853216735
137.37934773479788,195.02027496525764,4.584555814084826,30.824783475828028,10.028920562216147,127.31288049242784,32.53537746442942,31.227571250430167,15.484385842563889,109.27365316617212
47.45020132887789,77.03466292036049,7.296972168333452,25.64861145387318,38.949320324563345,184.86974071172943,36.703210747904635,43.77011988457187,3.4140551680362767,97.63806316797098
83.41374454647107,137.34449257232816,1.066804321658354,42.11883339523047,34.98781703298573,71.82813693677943,36.582029921590745,43.46562261495002,3.7187170909923246,75.2296900026101
43.18141627294033,53.16620320226403,0.8467270422606639,15.662740646573852,40.05795360997162,53.39467554638945,41.01258884834338,22.94313572531613,9.483083719294902,46.713640667857824
158.15020119949705,259.6403064488522,4.41910562943909,79.21965864603258,106.70870110401296,137.30236307811685,35.516180999032294,61.87664318963276,10.559572396424866,130.22622150284846
151.608900952992,215.91526077401122,7.471636921379805,74.41616783353912,43.56086278557318,148.26825331371077,42.47335215766937,79.83740370945316,12.091268704987984,119.99877654403198
15.914021705275886,23.158342900876733,2.4343534295648257,61.60964685924283,32.98255864601778,143.84549341135664,21.6429809937312,46.71020714778625,3.7157554070822125,39.17551171229059
115.83627587735327,175.29460254166224,6.915044812562517,13.497106207076497,70.51161529516378,77.47703840384733,27.612329586304007,71.8025161488924,15.385106301466518,79.04196417726854
148.7872476123499,247.46165628048166,3.0982813794029944,67.07018035757544,113.87740436472784,65.39643238867956,10.492788214901173,63.93902895205179,10.581088844338568,155.46609910460407
37.08630176910003,44.858034746254454,9.360861088135163,69.63658624872151,38.961964460499985,192.06538399316796,10.243515555615193,46.295411484510055,13.705703783058322,34.782658328295604
95.19178458289441,136.92593185740824,9.456899442666165,66.42116941714701,19.42434913513584,186.1939114885873,18.4044317158032,29.874185964460796,9.100985729262577,105.31414201277401
147.3232446382063,227.44661491588974,3.4728720428132647,14.117270969539293,52.76856830195976,102.31698978070766,13.528251899867984,69.65266969431772,7.214152713848239,112.81089930017124
15.091896787869826,23.563785552172323,2.7999375396324053,56.512636565421175,99.71821894779734,172.31489590778722,19.107397877751374,79.81956182588684,15.65774359892494,22.43417685988416
114.613040087026,177.22227177309526,4.613039720662313,71.74598365995189,76.08286536337535,101.41822597417328,16.196515308493908,68.00981446810442,9.731820562297541,86.98847124818285
54.60235110588261,69.19305839551265,2.905315851801487,51.18827209757342,108.0152043489217,96.39002325305187,10.998200869352688,21.251493882437266,14.003103741987683,46.06651493561941
148.65942930647955,200.64530381988135,7.223838432917036,56.71259001824712,125.15105771310807,48.217330567873034,41.82564512421173,35.13630260736939,15.299385945494349,130.38068697716537
155.65873677480516,214.7090869037276,8.760646845482855,41.66907835410449,105.11949721019404,96.7530901685551,10.287809598611203,24.863598941847233,11.130319405129889,142.40461728845332
151.63997336701507,242.96038641439614,7.23092130911217,47.296585590724206,82.4563694612504,116.73504894796525,35.76287505179799,59.927026970335874,9.234080177780124,179.7494618718875
81.13213249861957,108.66675045036138,8.743504472493495,7.750148668138017,69.20099056628567,24.050778937163564,15.325176042183077,72.95343751882888,1.0526627636597592,77.00790176045443
139.30639764839702,181.8439519195643,4.469921622074741,56.117041757862765,14.808290361792,99.94034093157316,41.928036769986,27.74054309480616,1.60029461108509,154.4986608110078
136.68240978026057,229.45204297704458,2.0631697070886084,11.515777031292735,128.11863745768494,160.64411931113605,41.247857885646,78.68364744153698,4.012768240766745,138.76978916552565
57.86507098648835,69.6945224949182,7.879509473975921,39.80116754721787,56.017734709005104,142.40829014736858,32.886540122924,58.885628487683825,3.790126477839929,98.98965523584502
134.33732112260162,228.22707570341146,4.104745051415539,28.412407813392626,28.267385670024016,134.3282579955083,33.52819524302118,68.29783084992074,4.82138192799768,82.63418256776413
15.551145207323893,23.924047397759132,7.212708252291325,48.634236016937045,90.0050626475748,183.71997711869645,10.1868699689391,87.99812940260523,5.574019565464912,36.97894189261565
99.44048177230796,160.52027126216288,3.2064394198176567,15.673306841856567,44.11459469145512,23.245761768541403,44.47050481397607,25.857669177338813,6.400982403260924,119.55079397152521
44.50132559315546,59.95706755321697,1.3122963480667267,60.331472157865456,80.29339251172571,120.26856551460214,40.72414112515351,83.08568160844524,7.308065351033148,43.84862587639502
28.08503286659182,33.903061961797064,10.425817954877633,68.60092295427762,80.41214894135095,161.72279271374728,41.32871790055322,28.827188719118652,2.4829950768402202,120.26261575839354
21.542980244381376,33.79953052390877,2.0620150793059926,18.06835597945252,63.4875785083443,117.4403688862281,33.07355879678052,47.50711646456776,1.6354289792917305,65.60084515893037
114.44331638172096,185.0631166693909,10.384209939634811,13.345046988150573,110.33423386540511,78.30119946446825,22.06754250290878,79.600708743178,11.109166736095352,106.03714458439369
60.98124456520992,95.75507152693099,10.272799325664472,16.64123862298873,41.796047386653164,44.525101716556016,41.27770271816683,83.43779657165078,9.060022372646166,66.3022525160087
118.71501572931422,150.93725592710513,8.438181039080396,75.17020495188014,63.8359109941281,179.76135292691444,20.203092485291734,55.44601714816017,7.662163033301795,110.75718076551354
19.803451119841355,31.224377859179388,7.094229620819975,47.2551409405085,74.52305543091657,104.73723062976853,29.6949040169771,61.58732467927976,10.516599117525285,38.977306462104565
57.29355067459155,90.7794190002759,6.278070502510847,42.38087968060021,89.63496649207596,178.06073545742626,13.490584032035883,69.570313421899,13.415191108053108,49.68742686493664
90.92369385630059,139.0469007469379,9.161015453778347,13.536945528188342,104.07662206067074,125.4533820379703,42.26844705464626,78.29310679169,7.415393636743069,114.79159057925199
128.60847472584453,203.59467046101742,3.394395216194879,56.96448054055694,57.37687394539073,141.35458099070013,14.926966021992467,28.50578186763663,10.616791975779691,99.34094467570357
57.81287543981049,93.82802593974954,5.17681212484877,74.4399673516072,87.52563329159152,164.767007788121,17.871388200564255,76.70485157604594,15.30358335752738,76.55381813343251
103.88370646555137,156.53218260341103,6.693899693665019,71.25486954587623,28.073314368222295,138.64799802802418,29.534695534487525,53.68933053581317,13.594367437923411,117.50821496906875
142.89666223542807,177.80665362480966,4.6119047586949105,55.0843767184641,121.91777206509744,91.64987132220878,36.74325500745435,51.543639757571825,7.390012157536142,108.25359051438603
102.37947822734569,147.81691423425107,4.77486454090268,11.02229733213389,55.96705677052042,112.45400910715718,31.67729570777046,49.67298263978988,10.670752567221145,118.98264905118081
44.943921213045066,55.67763824551707,3.8028466750208443,13.991762174081037,97.54257063717262,164.54819444165838,18.124686948005465,55.64481096722298,3.6560638287390965,65.97766553045211
13.660117233480703,19.175683470972377,6.14231816684536,8.944718968785974,12.440929825861318,87.25705334713716,10.033006488462162,86.15353873762224,9.407832773426348,21.927289976616947
140.5148310851395,197.22004707874325,9.00574528015116,25.598337319397544,34.62245714857684,89.86186221832948,36.50027031076037,58.37426409545061,15.719924367076642,115.7372986348003
13.19041162755807,16.263842460910052,2.5152837800631285,15.85291737283022,68.44990531882937,37.22422089044021,44.48225640688828,86.72242767841975,8.774726728037834,27.560440004830852
141.2052509026299,194.0739465927307,9.844330387534415,25.80384322019471,115.39029612788158,184.6251983399146,38.346959210713166,32.62030914309484,14.91457448785221,173.05363578998754
89.34057010408179,112.16700083814077,7.3908765374822964,35.804644457516936,73.27061799408125,36.38653669017951,26.107231635481536,70.68951851828432,7.11002380754891,81.35828518990758
150.86015477693442,241.997430171401,8.732732126800302,80.43862272569085,121.58445787526549,136.67765194074008,41.63185414896873,76.8567677026123,15.982672407769467,187.83534444211958
129.81748536604982,217.29422066037145,6.061906926300116,53.830084782535366,68.05562758993557,94.37500618450359,24.34466855914225,67.53901819344034,9.688300528413368,122.71009307472116
159.69011658000062,197.4022530782982,8.295167014240635,71.79790285463699,68.853891608314,93.01149024597963,28.372692948521365,62.484559615857826,1.6340349135390184,166.44375956946598
62.60677231775652,105.02646694137701,0.6620039733946721,61.82812005698658,24.369614620063828,142.31933058308312,26.699541858848914,59.53689467603276,9.801321950370822,66.0199038396225
125.07824333966903,182.77537353533188,8.683804247795353,14.00025044213054,106.31874929826638,32.07687187337817,25.666835543293374,80.26513378050872,5.1185904351939495,122.01921275199601
70.28963704138633,94.8757458363809,0.9013885908536652,63.87363250991591,39.6358494960475,126.86704093125823,37.1316769252867,77.51526180151501,1.4872198305384208,45.078003718846205
81.98134304558633,101.52823973490902,9.399133763628624,27.007910524729954,117.95349872467781,158.96572147502386,28.43691175443222,28.560210482641967,13.31279957041995,113.60465420409989
104.12581948275552,151.0149394622001,10.419627472386432,56.12862775957651,119.29890643964754,169.07829641958696,21.085099270882562,79.40113599216147,5.1359445547113385,111.9580392277262
141.05156712795082,225.29571188250958,3.440674621767778,32.27695789143908,123.19721342489797,50.69547009087955,19.035535868046743,48.98480336083097,12.948228310697477,105.80037481882998
157.61252037989428,244.85786536014567,2.6031855628579366,84.81378106117273,72.4276586923708,181.53542901407127,11.321156093860168,37.75877809970676,5.323263744338004,174.18039523091812
125.24101207967773,153.43439274985005,8.153633638580407,26.084118359742227,91.25125417403733,138.1062965325396,30.41183066590661,80.88379976097481,3.9148953081066145,116.6948625594417
72.66501732510007,89.84672735514023,3.030263409202532,27.330437661941573,103.42190560739962,178.7338641477229,18.048649539036198,50.241735974361916,15.609033611566412,54.8563348768031
73.20355034156053,102.59013772310664,9.155623831722036,79.45378044499186,25.721754238055873,107.3505290798357,15.18468727057341,76.58552831237716,6.424679916325293,76.58158136182978
120.63734523833372,162.57634492403037,1.528425921574767,6.971552370905814,82.11486339969967,117.56600211749637,32.88404873396872,38.438252836909115,10.020643171647407,83.75658479698434
45.81657186524535,60.30341275712132,1.7595519637935826,60.73511902985575,14.115748156397402,185.4268898651608,33.84232402375421,20.275052499555247,10.149722392217074,88.95763421671826
26.5711169697092,35.61864206841001,10.291515551006157,63.02611125887025,69.7079300066471,181.98371780384093,36.32542122901831,54.682143503206106,9.407102232602528,67.04697793943107
63.19332364611648,101.21936089595457,7.238388982700046,71.91028619283195,28.58112179442729,100.66895720642036,27.6251913718507,27.0159779650019,14.72043615281822,92.81887179807245
53.08584874811226,88.36744845153638,8.968872244289528,82.95514485107803,31.950751115450164,69.39427369442271,41.29191118213603,72.80631688674367,11.116616070503028,98.64458851286713
54.446218068398515,76.36361650525008,3.7432937735151803,83.0481535325322,53.80570800311218,90.77067822156755,42.77199636893798,39.32525952485872,7.055995061573952,71.63728756083404
45.04116265748649,74.45554170537773,7.264837495206044,10.222140605317112,61.89246000598036,89.79757913535495,38.25798289273713,51.055195262243515,13.93570576786411,72.0486156321154
16.313978445454282,22.199211104777216,6.442418273085972,70.7471458202322,84.78069094386247,71.6360374969029,32.24577187028655,26.0923495564088,3.715943486739466,46.41756859076905
12.681090210012071,18.23817845362044,6.53150120122947,56.704794692590504,18.93141021262188,68.34432877993399,20.630233375691603,40.06614739130769,9.163551364156262,73.19884339739522
158.15835846040474,207.66421778200012,7.325324595377216,56.7873707498473,70.44301134849336,174.9913285663495,44.403072256707745,74.70431702810004,15.258255579156346,161.46303890650307
74.16597006037935,112.74992755665718,6.253591731290985,15.267994129175584,31.915015630372135,32.5751457232391,19.594765851717842,30.611153833162362,10.380964448206191,69.1365326200268
67.64899707395224,114.29234178670026,4.790623693026659,57.01497331565227,78.87702100380903,141.97001277792694,17.09299226966509,65.30116927888702,13.254526757123143,61.68690562365583
111.94709240396048,168.1161595787127,3.2592269438054684,83.59860644809983,86.48855347134202,51.10760926216142,25.4753939825304,84.21980969631508,10.803410883177893,91.59823403254244
42.73808317975963,58.93184386057873,8.185813309132019,77.94548556315576,76.80511078634247,82.01106081093138,11.989419974933597,67.58857318304041,13.590562953068355,50.758413800443606
152.4941775925338,232.3872074392512,2.762724300031862,40.13045286438804,98.59546125739692,31.077746144270634,44.24730626351268,76.77151825045587,15.167318197678654,151.00268550325353
127.95175216233281,161.4060606881139,7.423543061544142,8.195837862887547,50.27310930890816,68.59525463398316,30.59517447457487,27.628014051274107,5.093825912991052,103.39985571919945
23.411650346838925,38.4964682485652,2.8333282264932667,33.98347920001639,101.8127909959757,158.31579280110358,29.493323208246135,37.55122782014381,3.544916218850783,59.34170035999116
72.63711636773925,105.43582337905559,6.753301699544539,71.11122492804442,61.93204980498324,179.30275841850656,32.9528697964902,82.61771965684137,8.259861254988099,90.00023988079265
141.8677461343247,202.11541292579176,7.970782671290289,61.119928117213284,68.10213979871162,59.87488734242607,27.395827672202234,70.05739295326624,11.527936402363238,124.7454133075125
151.70980334371154,226.49247993359813,2.687138889065392,41.747492447516514,87.77225527132858,103.43861106660593,11.122223098308956,64.76876784641178,4.407868797733242,120.40198082529058
80.11022668748046,121.15806046434591,1.0994330086130828,9.408122812706488,12.203006079906874,104.65832862869715,31.430895109413886,66.463671528519,1.0615217564525061,65.85742022564897
102.01170838160616,126.07503636474425,1.8097374299417408,39.15157822586421,88.4793065704298,177.24355503675216,35.066085693475074,48.99403880132504,6.14402673755058,114.90952662129541
35.05509191381128,54.03071501254195,6.559969672710254,42.52199517743068,84.23021788865384,157.30382951764497,24.586217121841862,23.118964213235724,15.532890032016827,77.10566677213141
158.6752939205465,209.60464294603497,8.994464062257356,79.28444263153088,47.181654010393586,112.35389930624898,36.50534502249175,74.91090794495103,11.4245119090877,153.14412484167377
44.75075520751651,69.675865992552,0.9499682123542437,56.286888286572754,20.295314187938736,140.73449608491921,17.945045476844722,67.50992653507477,7.019881659118359,0.0
151.40976612026884,243.96161976606993,7.841512590416462,29.93223333237191,20.912253989564938,172.52390970368603,17.74468068731644,53.09631248789073,3.888641460202605,151.04367608332817
107.44699734885526,172.12786063341895,3.9131864595005212,47.02546115605771,120.78684963822742,21.71701172459809,15.649594569065089,82.98317307577801,6.341345106321205,63.470314628609614
101.16051923182887,149.33826544772955,5.285283699195225,10.284424625772806,92.71351854710045,92.52020558900875,23.019816592620664,43.53117654895692,3.5475914995187194,111.56103256638562
86.9032766524763,126.88616601185656,9.788595498455656,82.80545885197894,25.252313652488848,183.30377010987416,39.64542123861793,40.60252209618652,2.5945873196942713,150.46450221101725
44.600471757663804,56.70673374848031,3.8197150473584545,33.804792154458084,52.806780317068764,153.25634555191124,38.976922175217254,81.09574275556099,14.601135588588308,35.902955106145086
36.47920480082624,57.91705126703559,5.15336933939486,43.22938839305087,81.09795926819157,117.71144738013344,23.398847278722634,75.78913583312898,15.964755075632103,40.264717109488664
43.072931360526304,57.53271643992371,0.636824147606811,33.42271793895381,110.26860461087784,115.33601486632402,30.61915575930828,56.048586745384135,3.4617165939368544,44.95535091867343
37.96573932163818,54.98759165844432,1.3159872000483837,59.60093840929601,15.239311445561023,82.5986175687988,35.228571076622046,29.151431762049498,1.817838383174196,74.80177126282851
126.937671035013,170.3677508879205,3.0859159113478403,57.97857266636744,38.39597577640106,113.69369605547261,18.442237111980802,35.055003002553676,5.945966607193185,113.38538205732617
62.51878887500951,79.2059402359444,0.778522408210744,62.22578484233085,116.7698788354456,137.96897590342158,15.884938006316148,65.93595932861646,7.9248877114212295,85.7387357659924
18.676401484509455,28.290617933817934,6.8137532604825095,26.451458368953666,11.099866022057977,95.30534691718276,44.023359762430886,46.952886648828816,4.072318706137818,59.05245597714939
155.3653945211217,190.65913243804388,4.763983568016226,30.25347849312528,34.16789233526649,148.54756635059132,31.614505962336647,78.55312341661798,5.521373676978377,128.8404723667982
142.56788274451387,224.44784227148824,5.98145202728022,15.020098487696636,125.08290111675592,175.02180090686946,44.349550264178234,86.49685065325428,4.013061035374865,146.16293545631638
149.16284247928195,202.68148553265527,2.2464718589632957,57.440797747689004,83.60822158266053,47.84327267327501,21.821459549628017,76.39458476924428,12.61390852648677,118.873227774592
159.23617339696528,191.09413207566715,3.459320294366161,8.183770186852204,41.40056399650078,101.2784641071364,34.6061094990946,46.428179609688996,11.688669148708911,95.7450975694029
36.084287382923094,52.523010234518864,7.138244748527251,52.814586841876725,18.038931327501714,93.4436164313146,17.79112727894332,75.20805004619969,10.524272736414726,44.617383817105534
69.4363028353988,84.9501750569481,10.153027236303998,74.57567078813071,13.38296085366666,143.74366472895105,19.142005994586953,44.60091714294784,6.808267856188071,91.81606794448172
123.73577135561369,165.5689522576903,1.004167736022092,76.26657186317068,39.36940955643127,64.97614374642728,27.916574244436838,31.697006143594372,14.635614119713539,111.11711970234705
114.40309270806884,177.7238595680932,9.403843208552662,40.923020829596936,115.77829835066926,135.24516469140974,21.186634392782494,22.337524340610017,15.5429881230253,129.40048335882904
33.08438595097826,40.73828695960321,6.268812013112084,41.7442950570459,59.90963851570114,177.94806351166784,15.866754734420457,47.000169893271405,3.60458968938118,45.6039004082258
132.37496874859266,214.40366584586954,6.139195667556237,11.157534640641389,96.44000429991917,95.26368796285209,19.200824569626413,83.24915125880973,4.345189621178171,116.35208242767628
43.6660857754991,52.48270346583164,5.502785352077604,58.661202035442855,120.19420424559493,183.9828259962596,11.251193806305263,36.72906114289735,8.884465420005544,54.94491268035449
43.57264222339346,57.66455474053622,1.193940859041834,70.70075362982764,58.964855392337995,198.76947300802613,34.65482675171203,34.45592154508488,2.368758539233679,45.139033191232016
90.54616343401203,142.19840599944837,1.3987685173616067,24.572404368377043,32.95328452448764,39.09656899063137,27.224082998005155,87.88745496687282,7.546725982346692,71.86055957769354
98.94099022625548,134.37522916811844,6.509120056590861,38.70407053066917,72.05415170283034,61.949573837274556,13.298507324158397,21.750287899541448,9.726868971665652,106.21338093281362
97.01293117567168,121.35795702619251,3.909585714355583,72.10714694122163,118.97004244718254,191.06835526677676,16.009289759497193,75.0047505275628,8.831103567059998,102.07013385888848
23.72302560966323,32.740549972181825,9.672680665776806,75.16963741298304,106.52492969652407,192.49898356664963,13.58870883394254,42.495896901860924,5.963628746170391,95.05180785256076
141.61912939455706,189.08938617942331,4.565905373594722,24.454398421138073,17.899581203578453,37.58730956961653,31.440748289655676,22.624156980876155,9.136687091158102,109.0283929780615
49.84000638830591,80.80839095955884,1.9328145870264108,49.04565076330914,93.10873600930982,22.6997300678846,13.297362726437283,84.24617781467086,15.382014313882717,8.436323156671556
29.427238192420624,39.92316773484325,7.64718833502036,20.399452050866167,78.62770269507445,48.99800418615601,36.399881656232566,29.774963114670854,4.09026106437064,63.46437871484879
143.31221198034658,228.50648319308684,3.4335342144100984,13.150301131164523,118.89558116157106,199.2823010088047,10.717882176213692,58.62454986079868,10.822470375910054,121.01821279424907
153.34772473446301,252.40055176174144,5.7547030735589315,77.8896401113566,24.69777002203567,52.39993098992363,18.72815257985622,39.183794520068346,1.6509504123407779,132.13026743719368
139.3191425898176,197.40250657574572,7.478327855051701,70.64060033856873,74.08433358455879,110.45856920996417,41.173333656216755,24.563496152928373,1.996246067221524,157.11640607260458
131.4274112087317,217.5086293224367,9.502641112020704,65.80279214425391,115.53552322142708,172.715190757492,35.148596134278606,23.494573996436536,9.277423363353776,157.20601388802868
108.28629709585326,150.37274396056765,8.42191194801676,8.901305505051234,59.20285440900916,23.67228992387714,12.55389165239907,28.088968918543713,2.574087704919242,76.52841946989997
92.6286055913709,155.80494640975292,7.263610678727241,72.49830341682059,67.83939012794406,128.8080168065227,38.73941365698129,24.995690972256604,1.33520182640286,124.7279374744354
23.04801398671152,28.686589889119933,7.296331823951435,40.0435260724307,18.455281320034995,69.86458079653238,27.25622925390717,73.23906808639461,3.5726949647203328,23.436644895585328
71.2679819606048,110.00281669859628,9.959246440320864,32.39160986366877,43.3772368538693,175.22028495915168,39.63740595090903,53.989634159840044,9.472737564993617,106.62233285544764
65.9032775518471,95.35591494583252,3.4582409749653604,48.718108882030116,48.94079790027368,71.02300686753425,31.02589210576377,44.002446394428574,11.550114317783986,58.34291305060304
48.963067564048934,68.24591840318257,0.5111209419618741,12.308259417884466,123.41469384938644,143.6160296507436,33.86415612115006,49.2858237092405,4.0371784621207,78.90814508505949
118.51301705328774,179.70791730192062,3.219545593981987,65.53172394819191,43.92008326493909,141.35953384053144,44.772554613849785,85.02627149008363,11.023891558122617,133.4804209888407
84.38136026181562,130.95384172519385,2.67891379626744,51.59480615106367,65.30424823235825,59.868838794735204,18.131744107340637,83.7526268916703,3.73714496648844,79.37767207209329
22.15693238614719,26.636657198688845,7.118345851139981,19.9272077498534,90.55653082771357,26.26385597630302,31.838095116648592,70.09735360858039,10.201861399468857,13.67922141692155
43.0274802924717,55.22476171888473,6.837115997655291,20.058575981523646,29.462004688945285,93.66492328137151,26.111248652008943,81.92776641951815,7.179395198436983,69.40048987257677
112.48881454893939,175.09142993605602,6.434613827047238,19.739892125813938,68.37308645702494,72.05476735385655,11.3808183522942,42.37536193113374,10.806992640004252,124.28943572829897
21.419628923545027,32.840418847708165,0.662434432094537,9.560191004154719,98.62468473710891,165.61599493046754,10.506472452600276,46.677652820579794,15.925791287188709,23.772500272618455
137.68103710731532,231.72045572930378,7.787780544506475,52.02387594973479,114.02262556324793,164.06555392196216,14.173000223625053,62.95985272979596,15.06725447848843,156.38088007840355
84.27197905209614,133.19345522144914,3.735304124854915,72.22785420708065,85.1511129594912,102.26431139467259,32.71821091884918,63.653816310808494,1.0642263675415544,89.26556800762015
82.0879865989972,137.52909256426784,7.150559890066311,6.399857118991088,90.28642183803375,129.17220055817938,29.850708076968726,53.718988660863864,14.281581465434586,64.08923687525504
98.86116769892764,153.3603884074738,6.065784285021533,8.920371597701884,25.154016710148277,128.7667128776465,29.37003464073046,48.046049390656734,1.997361927621498,92.4130726963123
133.70214488877238,180.3676836584916,3.9273092542790717,50.82162213495566,123.49317966956166,168.8884667169722,11.114986688489104,89.03262181260865,15.295698792397674,130.74839116615635
62.171381185328954,77.88099879480501,1.8457626710410775,70.55965483088418,25.908889298137883,96.50043454217555,26.425604872600246,77.47865382824071,5.227385186495271,32.228020139339385
111.70242288385953,177.70871736265582,1.4441889766048095,31.13911124549069,102.9607524618158,69.58040236229164,42.3617986244885,50.44861385216316,6.730522456169064,107.13497814575622
94.85979459936866,144.38368493951668,8.815183331122235,32.969151904617775,41.777958613398255,67.70628526529855,23.915715425872634,70.9104734067698,2.374573077635918,98.45721762347969
50.0542405254132,61.27104575764313,9.68397542081558,52.70771979974207,122.03117724415019,116.51461027079675,31.87228644259597,38.869318527672164,2.6840913749336437,87.5220292491289
141.7944979532737,195.67998506906417,6.997880467642996,26.93703112993176,96.39514472433754,100.84667649179826,37.29365364681003,27.01185283661309,11.901108478439795,134.98173458126718
129.61390324103922,217.54396324185927,1.5343411486048337,7.1286692862147305,100.45764555740428,99.22173877728851,37.437384769966066,44.670171788691846,15.164983536224375,115.26400724994258
108.76777519876383,157.7350899014221,4.520272168882407,63.818281448127685,36.287100767186,36.4047210361473,28.1748028838345,48.2080960086376,10.161227424314642,88.52042453484302
137.5872593641363,194.8737191729444,7.7893920010515725,55.05199303531625,63.1647971962193,149.34867332423522,40.02831808908177,21.157598719246955,11.737750232902165,129.8327713756671
140.09413014397035,200.1734701987794,8.298208840100681,51.46047992445273,84.13758335071437,58.47260383674393,23.698233267731144,77.03544011451272,12.429546168957302,124.96739013355754
116.25444650725522,151.6471085407803,1.682186222910886,64.33473031934585,102.39683418479211,55.451653437569846,41.104262517467944,45.14353816724271,4.9422141182941255,126.46861454052932
135.55199925455082,187.65189618056712,0.5003071884538242,59.018467004963,22.475125109486747,94.29649764993083,18.407950823844086,60.629271604610295,1.6784444638032239,116.49805896927914
114.62071925039254,158.7389937952609,7.62137045880605,21.470559054265692,125.4838379745434,61.000101491204255,19.807574244669986,25.177423108966916,1.0280911587875288,111.71123089210971
112.02111576404506,137.35777280547896,4.0659617598620565,33.19848375546809,116.82648046654673,125.09448811544277,11.859221846965038,32.24977801254088,6.25973924431028,86.12822296142605
102.79170673227765,162.79984136263502,3.0448133161826023,15.08881133429,42.44183085947012,86.86340108020487,37.8453642789799,82.2785607729292,4.621963422988241,84.28366074499581
122.90749593364619,173.08475350566124,0.6289746978952544,15.388561073430482,108.73122916387983,100.80411006670222,24.596933268144696,62.60812695179605,1.9347658757377846,124.41377974722751
33.79076579396106,54.439962950712854,5.902994067614997,59.09565970852314,72.1988707647788,116.6904778887252,18.019081486898965,86.51988351193398,3.692924387405001,59.649772296539325
142.13061387983927,230.9869783611396,9.011507354259818,73.68800855859986,65.41677778744224,56.636394046724874,18.11265971658029,89.91250240739218,2.8674834740192168,143.6907442629204
140.7765291617848,183.85372860584707,10.07631646272588,82.01860670889113,47.73209269736865,48.035292115795365,41.54899794302316,46.03020807331661,14.723175709260556,153.7245865206016
14.387092455183872,21.993213608079998,6.157449506132892,55.267769403955555,79.7162303957911,178.47594251724885,39.18708101613629,40.91621448582922,3.1040082018875337,73.88217896257369
133.8725125847144,192.25979098732748,5.644613277398942,19.728105868876558,97.58669412443173,98.07026650965578,29.373580987501416,80.08492386113677,9.064726959815188,116.67837498904953
29.33048012101678,48.10428599771269,1.350563854892411,13.452027635914456,59.31194859553099,94.17684973385705,31.563878014550237,89.9027998926218,9.896589326682468,33.59985581881458
60.26782813887129,78.82250485423049,5.988728015425997,70.02807772294062,85.50630316099505,26.410187049111467,26.601394969260184,64.074886396272,9.152341865629506,58.097543462098955
121.52623844374116,187.01753043308625,4.2997907896539465,51.30051810879994,93.91755053863645,109.63573446573078,23.70832900075831,75.65985057580656,2.4858465132398195,92.91436699638278
34.113984407246235,51.303204499695575,6.571352808835769,54.46280168109759,95.3346180418343,119.75054988998002,42.0416908426416,74.72221011706921,5.781975426258268,78.12178619924926
132.69505361785934,178.8265870413449,4.387263478765467,67.51696710037675,16.23593177574163,120.59135677183997,14.396444623210574,44.87377957536829,1.7690549869472991,136.70231924719914
134.82012669366128,170.9924276007534,2.9029912345036673,61.26217821859613,113.16973668220803,147.26561047811919,24.645637640067978,60.19892661799611,6.9350487114447406,104.00999412508723
86.12016006412543,131.4038523151762,1.449652752283765,71.75666022848773,64.99039777180576,51.94673029838212,22.059666779575636,78.31398588849495,3.82898396907388,84.3362772710474
10.957880757525038,17.19618834604263,3.6491844458889573,9.497112436790278,41.489929803545735,65.40016416151138,27.435275208790195,68.16797133827387,9.424487999265697,41.8226610762329
53.055719976236915,72.03978195526018,1.4664483428775228,64.80165093972039,39.01174089756179,165.9314837414743,26.017115609081127,21.481466978742677,11.392125907736508,67.66088347341277
102.53903775636132,156.10710267282198,2.2689695082398393,73.06822058576763,67.96169354127406,190.49071103181092,28.16113360778785,43.56939682282734,8.981797903070596,97.40369437046515
157.17792670411353,219.66644046248157,10.37336158579546,27.89080339666515,116.4197847362751,44.46789452611772,14.897164202944793,30.113298761622374,7.513550449170936,152.44596418381744
104.77202905250026,163.0885010108651,4.9410355690661865,56.23578191946023,55.40170980191763,109.57691981093927,27.959952552964698,36.308054845462735,6.810001312850386,103.66439802912913
48.970537159623966,63.64248410253072,5.8187176650501655,30.13296510695777,99.9670896140252,58.55172549312563,18.484658486052382,83.3842634243928,13.625376521455056,34.22048830546326
105.1008554649417,172.90220572032368,9.236185287372153,81.63768531859633,21.618247718466232,30.81317030389684,16.451597214586695,22.58253022375377,4.290520975979051,126.33451756064075
90.99780695737832,122.2741898372904,10.455689004906878,7.6738857948403005,67.12680425812741,78.59060086270438,12.269197657516692,35.38604983733466,12.013275092933032,69.79607282420235
126.97680927267155,175.72231673744292,6.3271444934468155,51.3834275066364,129.00233684712828,45.8637725331583,36.69283955646493,41.6698546566762,12.362234871101785,104.40748724788656
26.047095824043762,32.01307831007383,8.624738210441716,18.320283763961207,102.45253633508044,147.78795321816432,24.9604672299796,63.18188503764764,7.288000109061017,58.45239136493191
124.1541853753042,155.90737639043803,3.7694102433667527,61.977616414172694,35.263418612873565,116.07057446086,31.932528915911544,57.387118306010585,5.45950898838459,110.62931561956725
91.18998680141654,132.94870421154525,3.557439574472911,19.07122267349297,70.17297684374928,45.89020477825596,35.46576701566602,35.278863799737024,8.058122290689628,94.06110104047812
154.4488005788492,206.00324467677848,4.527037209945602,23.830660951868605,38.03497163782799,21.663485912992584,33.77608328597437,31.49687470562081,2.3982088883904775,159.7545186424339
61.280824905802916,99.13644859994754,7.225072626736491,44.54966488366065,59.14731127150111,165.4682688243583,26.46752516813888,36.57586242172832,1.6889504834363498,97.63639931659436
104.89328397009221,126.64255965844416,7.321916892550988,78.18679599975025,103.61008284819577,51.71499310956456,23.576448513310545,55.17707386911589,2.6740479917783766,118.58054915063695
149.80421582650263,208.16000233469984,3.652394346494508,21.937149771837667,102.54697783484843,129.11899559973787,23.158596837423232,38.98244499978424,3.8071754719333923,121.17387015326901
25.37645919860189,34.732068790030226,1.8320992413662869,16.539201689448284,37.372045348286214,80.6459443538142,32.40170789255197,86.33217511254055,8.562652305070646,31.846118906378305
150.58427308546766,182.15634632865675,6.823962564655085,65.71814654832245,120.66679817858322,125.38746889670641,27.31780242296557,52.470565500019326,13.737049542416832,130.63224383454434
113.182858345122,142.85761545748855,1.7832586218876452,45.04956258671448,81.10818193177921,76.81765285681833,39.719628679597875,24.115721158124593,4.534634979995305,111.81316265915811
20.175558865775784,28.383406707539883,6.2849250822933005,77.9428089905417,55.59091491544174,35.649120924605754,40.614569451434924,71.04864840856433,15.027430161201671,38.75512176543361
55.14453504202244,79.76283622444394,7.43422128056309,16.729164572787383,70.23226969370327,60.131001540395644,15.969613230228147,43.019170174629274,15.32361863402505,74.17352109193075
116.22581329679224,162.96542829727653,7.506114963944516,56.67423144184315,82.60855041252924,53.85054196623361,14.768177804100397,65.74422524407733,15.383569072678078,79.45311757921806
20.102590220315754,29.45971955520096,8.034721106595967,23.630331692145205,77.18686382149426,97.0434834391359,32.06403241125999,39.57160593662624,13.563441020144857,18.06592988813985
97.32556902644099,145.75144728465634,9.228594215656646,17.540834292131144,68.36860426434139,138.49108101670834,20.54290118217978,59.952061921332394,6.457375611965809,103.00183445520092
61.88245854294351,74.56600547629765,5.499589919647884,59.67435321258164,70.59193649072802,67.48509349034435,10.64997515677846,74.05067533652252,2.0902586650393458,67.38935715035291
103.13732766512156,147.6975604623223,7.802491895295712,52.49476959269866,31.16942925134634,22.17258835411123,41.10249342770343,84.96061192421878,9.532280976497423,97.13161503635143
16.861305071876927,28.356493404816042,6.691727353658367,65.3861966689865,107.52794851656152,113.40872556765625,17.94152685353329,38.27890011031539,9.380221659058506,72.85857930709273
140.73052092285644,205.3984666866324,2.3663993979768256,29.757006115694587,75.01123839292184,129.036708084615,42.52482280900332,43.43998656992868,13.749636506643933,133.13074180641033
156.02334537660954,240.08422005343112,0.7568964486940817,40.837732510575194,25.729583404564373,193.31668892032573,35.11020578073888,52.49864942001578,15.939865764191577,121.32304909160112
155.33167829285372,210.61918217598122,3.345413856769338,37.43773410643348,101.93885218993336,126.10474455678442,36.69287214690195,84.90223864151922,8.622359598402213,93.80934360346077
122.44777476143871,194.32409068339894,4.930337063376194,83.72715711732114,121.8932774052821,104.81106068806554,17.051152352760614,83.09707997674599,6.178060465596764,112.95876690626764
29.512936019594797,46.82111434490385,6.671059444286563,28.379916539151033,123.67682790843546,123.21229266158669,18.196804896588453,26.291479607044664,3.788525673344005,83.72799820892584
123.73947938935339,180.7398260394494,8.999593305032054,28.58537906774135,54.28212788934073,187.02211337516488,28.244371383842303,29.23508780276676,1.0719973722605611,139.6741125786151
13.688037468820227,23.10550185415045,2.4624571670616566,33.36385670628859,26.262024827290485,169.10806620829632,16.023494842745176,54.68564241314468,8.636705387333187,27.146768811774223
13.318532729349588,16.818311597466142,1.755497898984771,50.16752650322572,72.20795519596783,78.13617200548543,20.69010924390613,27.463349096379645,9.332780000538936,37.477340511025204
58.54153287243118,70.7459105875396,10.134799474743275,25.18581954109962,23.513107521906484,62.70578545828471,21.251186728173156,44.19066113440883,13.374077197260961,51.809703572102194
83.29647856069987,132.0315077598258,1.5804455937640711,78.22319523034191,122.07849022151407,67.27405022589326,15.587047663846743,30.386976475223435,8.568654518392009,96.30600881105433
125.56111267116898,201.34700889051777,5.284910701071892,26.25484518930108,32.02955528261752,110.79578714873834,17.181399168830627,64.522824859232,14.747025229990848,126.56239876399621
112.49430649097577,141.75448222673143,6.3556372879330185,76.66525852481557,40.331903194139684,153.928901221144,37.59931447028898,86.46468022174132,10.421252148571533,105.27245129715014
76.88540595651224,102.47220911136618,5.913744209074382,13.278005091726772,58.796383226196454,110.57945729293317,15.851854909154394,89.7713639206067,13.605043573316248,41.093638740030904
51.04399994224988,61.700771348036135,1.360321570329432,57.525016191972185,55.979736227095096,32.20335124906026,10.996008714537288,46.26687927478404,3.2245260221162066,42.32508448571771
159.56867502365668,214.88384322603008,1.0702691400361937,77.5588414750595,105.35954708774668,150.24452607919656,32.027422992012845,61.93088459802286,13.830041954534721,100.21393053656928
73.92719533539594,117.29073957005497,1.5548342746103567,18.499955071858363,64.75801846611549,165.0746231607717,44.15940917873575,79.9387357466857,11.127157816657725,77.70169286715314
77.70805364945132,113.37451661723517,6.355876838726125,82.4661568079404,30.492191200400427,72.10961572154955,21.59248351180925,28.22234509574688,3.553495486574958,101.72671701544127
34.54357317875038,47.464520612405096,5.943448876343211,41.230668833240934,42.06518745832889,139.54263307100308,14.15294961186883,68.26950877363754,3.846453372190163,74.13906628470461
129.2214323124894,179.08406084230273,2.8374079203674425,80.65720867528196,71.09360622250264,96.78654218979081,29.963556387863576,48.61905632075478,14.89750928566332,110.47233697775559
114.0523338672233,136.93999272668387,6.877741418455916,59.14560349040376,27.69447009113619,180.0414840309397,41.722397388347616,34.430231219611485,1.483230406755593,138.76041735844493
43.11544191831406,58.20154641863629,8.700675020556494,29.126949589884124,83.39868107752169,172.14060046893317,37.44216229399676,48.19275331232094,7.938024149435591,69.90499600381558
22.357156842376405,34.05507795031394,0.9157895984659377,20.064201993368513,77.88967678613751,114.57775969573561,31.78805539444506,25.31722008754418,5.702129349011523,39.14837245347763
112.07489531120696,189.0812445251872,5.481299435480424,29.29880369800795,95.76427796587092,144.470998246447,21.02697738126598,68.6785004012514,10.976161599976422,85.75968125223795
108.17668214217028,175.62813348846493,7.393104121026903,12.441392741013999,122.52455384552412,179.0029461839787,28.9658060646677,37.69198681239172,13.594440813534879,121.97248085028407
50.9889290497314,61.788255848798585,3.0231192706968706,16.50943730746638,119.47054733213868,109.22906181408959,13.193569445648938,41.798395153141456,6.405671823348543,51.52204852791039
152.62953433756155,251.72888453787309,3.5777090529314908,13.372835227718491,123.52907416825975,76.38513328798795,33.763089849823444,28.47569087690239,7.403531309842558,151.03207293647662
32.65868376713503,51.97953517398291,6.636379029893838,38.83548349932462,39.36587164284411,155.65990482372462,35.37836066141778,80.52613797229242,15.728766767521213,40.29079012290229
74.8502201563903,119.0259265147075,9.479352934437369,68.64627010060691,25.787836796722555,59.61192586124452,43.776106801847156,54.5410995497917,12.758747645188041,97.5891546341595
151.54238802513984,216.55375114256162,8.599244203028993,16.310684337307215,46.27320405957382,89.93560664108757,19.113907556077507,60.05028144504802,14.45806196397687,120.76764070754535
72.95909753891834,102.06997054153868,6.331302190995835,15.42563465378687,117.41022073195775,175.83090267922287,10.645974666505792,59.860287816639826,7.581433309774446,76.55676075199736
105.77889214961283,142.9557156848692,7.8022171775724924,56.47431596138646,126.64641695481859,150.3960212484767,29.09629625495027,48.73451801789392,4.511143059761729,128.009055907817
69.63915969441913,85.85445902021566,4.148224702077987,20.7746385574453,113.11899412845712,92.68598094454987,34.73766765388851,33.47709408066976,7.1779519807967755,83.3591112318233
51.132280352300505,67.19383371899512,6.909655280987577,12.808803048719328,23.202126535305233,58.65401043350433,37.66426165590458,72.159292394888,11.741378767472703,63.936429563153105
157.59664719397423,208.54792966196075,5.1618159112755695,18.34788625644621,123.69135976717519,84.07431034980257,16.780862655868372,28.893938575037204,2.6414560725396896,139.56188187941697
71.40010094725645,102.96169695848798,2.399361364575609,78.89851167014208,60.80296328209432,71.13874686093794,19.16135041629583,27.271165319516733,5.057036584247633,73.48482773720126
144.11488055187016,226.7967873501672,7.517382738772572,70.71770022209526,11.117234891482441,51.69607182989371,27.940682384355373,69.71015263175524,1.6995385069238558,131.43199653335478
44.493190883662926,63.93248462912821,6.06464637348822,33.32516498840753,63.08724888978323,153.7999244418182,21.571028348950065,34.61859143163887,7.485216075071973,59.15700661348766
41.965705603762494,51.57258829267062,4.086215819535914,57.46566138619143,15.528300361056111,65.37257963303088,40.11790203056057,41.47409259469826,13.4116860396942,47.55809256759966
14.670112432676703,24.629576952896038,9.613391900786308,47.982053893443045,75.26535053933411,101.75014463019748,26.58160538085521,53.26592269012182,1.3699553244701619,91.21543598689182
107.75002380638276,180.0893124802826,0.7093411782673327,59.16994107860511,50.62648329244616,89.45470043049963,37.985252543570105,51.454592171068235,11.12985290210749,85.09168997583755
65.27895155856417,103.96291694601504,3.6577315124949603,59.61369219702075,66.81219203128586,196.77392815441354,30.321691616882383,69.60053875454994,14.987438117706095,71.28891307795831
139.65373747594555,236.8058082299495,1.0688139777764656,55.298721204799435,83.58044328917404,90.39660394667969,37.05815495659892,63.64022554103527,4.553917922667734,122.10315700281214
80.98148600373358,119.22427741095264,8.165273162216272,26.288109482984687,114.25613149813843,34.39684690341586,21.643554528561335,65.1077313597306,11.404522610914722,78.00004921689963
155.22901418720826,260.99960797487495,7.521074541137926,8.12051366102545,89.42818917663143,36.168635462975125,39.09958176756089,69.983803145882,15.626528516503004,131.71734790002407
37.82882735546817,46.824617840908914,3.81352218736317,41.445342559208704,62.08586421738168,126.33566984355167,19.610031044285755,40.48289091964257,15.434170902286947,50.49738890516875
140.2934751933416,194.00348172445456,7.25662902207073,76.2779107752563,108.3313424404438,127.88543931288781,29.11345828011518,42.563331826033156,4.523937895437149,124.26729103508237
126.48952791876125,166.0416185984673,4.459372261959499,50.559780681486075,118.66985650877587,95.3766182868779,17.490248961085598,50.659842352688784,2.5049657981810305,133.27163747903614
125.6382766966078,163.06799764133513,8.062537914224343,71.59128333615263,24.371195971863667,97.73186461616534,26.643428256916767,41.52235211234682,3.2242380684387393,137.7798825434453
136.71748421753315,173.68609353254806,5.0418366273670605,84.32994743689825,73.83195730633497,29.70786491135682,21.13613233280461,88.94565082796043,11.530535027232132,83.57006571820943
124.15359864144983,187.62176509171377,4.622797278316655,18.0892963310621,44.1414351690933,112.9783718700672,19.3346200723025,76.98363484950008,11.886383131799134,62.50651344502394
103.93304824471231,165.32223895767117,9.847299154883009,60.34221113135858,15.647343745233687,110.8531055684633,43.844475630981314,31.525828177922072,11.113548424422985,114.7985095855963
29.686731652358137,44.207972682119994,3.0087909989070023,58.943485896001974,90.22560341367824,46.91887734025002,15.602593692035573,20.391590911730866,6.041175816133571,45.50951315206621
14.878926923687787,18.948036016660406,1.7044733999656543,83.39643578866227,113.53249329510707,38.691089499966964,37.55640431100883,22.99482877730875,3.546654096371832,90.33323054608685
148.12717717235302,237.8273497956447,6.345431132594582,83.84805871622403,29.548318537287287,42.24304830790829,44.44577358191252,37.08444157300477,9.711416379283797,157.08625540804894
102.49754717811071,155.58895541406076,10.193218122841788,59.93428893793036,107.48963891486807,38.18508436842653,10.696551930902723,28.00039000857996,8.255206686367998,89.48422886766191
129.48059364642643,180.50667540696554,4.278392137271867,24.48918335857554,112.407488024433,129.74747519661676,34.46595949147333,57.33366804248005,11.932512206834552,108.75965977168144
82.2283527268825,126.39033513486747,1.1203676362878152,68.88446705044792,119.72085311997802,55.36687743252535,18.85191319447005,80.0596655909151,7.620401180284322,67.88550357104577
27.596228344359172,36.70167259074158,3.8930526730956743,13.562330736883048,41.83421069032629,65.25742739374343,11.417073851490656,71.57251546392592,6.079595420297026,25.979856558919817
28.777868830382566,39.500390645117314,5.559316543195584,67.45594433373029,118.47436782278672,51.24298594725915,24.101135263482078,35.09263441575333,5.402178660385216,40.6591037918779
112.8347930843457,187.16391433502213,2.119230066322137,77.81568993157572,48.47953056837187,192.41035480073054,42.73262335598063,47.95094792180501,4.1720548007461975,126.30426236755162
74.5458842349194,100.28301870665535,7.08102218056492,35.626671581474824,76.28056161466034,173.83114336733038,10.411778302844919,55.55259466718943,4.986195642799921,75.25976238528149
40.07870900505051,57.51271232370541,10.477493890102005,55.45082359864644,16.060896499873856,61.489070723273755,30.57599921754236,76.71440946523349,2.4224565826615203,48.81846106321622
83.73918201121553,137.7568637734963,5.017394759814438,39.411418567746104,15.265730604249232,78.96193290598268,27.548876750836353,78.73851221743153,6.202855163933343,80.51824425434023
19.631340561270115,30.50436809831602,4.047285567302127,40.021204399050276,96.44478552786435,57.78071161489949,40.56844575298666,83.68028183354431,1.5485471854443729,53.07045509992843
97.29571028715982,119.78090588051558,4.507041668344666,29.829671128649604,63.33759735733493,108.53767270294827,12.940060008221899,55.64716753520126,3.796207707494902,97.41210070330575
50.34901066526465,64.12709407203148,1.6514617839520114,65.97036963602596,40.75508504430611,23.529895845365647,33.85341104603276,68.5992322505104,12.201556669291437,49.44494774617751
129.63386509557824,156.0689059748246,9.332736014262238,79.89412513332041,32.84961952298922,140.84624160142323,33.803839445164705,27.8260259863756,5.88203483014934,136.80718122386853
56.55429383853607,85.70582076312094,4.6482565552135195,80.26006873875689,90.39441890310617,114.16846696717549,33.417800590179915,59.570227196778745,11.023555254660158,86.94018460580165
78.28302236227017,111.46224122092315,4.372744114248413,18.982502789994705,10.048185283040784,181.7550070941986,42.981707322726294,37.40842666297946,11.75326263395916,94.2531163149274
11.743080986215094,14.880097407736804,7.096902729304743,74.97949197252528,106.7069403036225,49.59068317911455,38.80806351524082,50.22018195186278,9.717780140981702,54.41352751165655
20.867033169183834,35.035061342012895,4.920334209311235,63.994515314169774,19.509952735591458,164.7396642910037,11.469045418522711,64.38353558147035,15.380466120480976,23.078659476703294
68.87403346100272,100.88874092819131,6.982334688078461,25.226992055223143,32.97875378897433,162.55298260400883,26.48789977465796,37.98901564976468,1.3215979993466989,85.34841296465584
81.99082520756852,108.30550564732866,1.114462901307875,10.382769033721164,56.34836743589075,42.892614059039644,23.92835696704667,23.652954045773274,12.079789758822132,65.59509792556993
100.00308221789555,145.03464870385284,8.637233437222275,26.439781350750238,68.18304876593243,91.74066034594297,20.85515273817807,20.716369948613025,15.38179965910612,143.38354371539845
53.749386806395485,82.76385224050983,9.905039528794026,77.97665894252205,52.59941389767302,50.62747540601304,25.796785380393406,21.55116748811651,13.93407594029409,89.5912504216865
114.24728291898138,141.4518012554515,6.987653861593859,55.65429399166178,48.485459798115265,65.8496900823588,23.44679647240921,20.584481625963875,3.5183903770751996,108.2994080032621
139.01835957838068,185.91646836299722,10.045659288588107,62.68437287182975,125.66992144878262,67.38431146949799,25.131686495753286,27.724853959051284,5.902304593775981,138.67639630291745
126.97764833400247,203.60646816037465,2.0143231436996327,25.572188088727668,86.98956174920731,120.1225509246391,44.274165296302485,36.76421001990909,3.586777598146981,122.96426025128652
15.94282380225357,22.79556658116196,5.274161894803537,62.55105244598562,12.811954644086585,94.05396771688379,13.102154116235326,35.48550599276094,10.019625457220561,67.37710523228823
82.07604208867434,120.9216947634842,6.518067339454473,7.249720502233901,61.621109013317586,190.59190472113497,42.278080444355545,89.07576159259277,11.682819729692385,81.95892352676692
25.73952676272623,36.45767165137488,6.317366474211867,35.0257076618411,115.00104396927642,42.74662555046092,26.808284971485936,41.42042736462602,5.756106540445873,67.54425462240371
46.30675237937912,56.58453474197423,4.514617790890433,55.1402678833865,46.17474236928015,195.26458427303578,31.83097859248394,28.919454835157936,9.092598609764432,70.12508439537008
157.99938899007196,202.69344875649816,3.880844093662614,16.687725243305618,21.346761372926586,61.51495523856751,39.056403831619285,58.18937809174306,11.363808551067924,123.06841784258832
31.374331435226985,44.63848324331351,1.768240225504188,70.84028595575478,101.00617259079013,159.11730854873355,22.61620602022394,80.05702187782558,7.320097249165725,56.7316386641442
84.8332230177034,110.67280624075049,4.417424505622781,23.80250390495349,82.72165983232975,81.01458671110785,25.06476678307884,67.46422637513726,13.81023295683189,61.93051057857048
102.72336014771787,125.83503905768208,2.1266081510548513,57.182489025475704,78.43750093918047,45.75465117511651,24.33314680975499,40.72574623948152,12.573249029317257,73.90634038632687
115.36974558161559,187.10951824877588,7.8436567649221836,37.41577140602637,16.42918715288895,174.42005334432318,23.115585788751595,59.31313118540185,1.96998315775856,148.8689743671715
93.94730252303711,158.82695871300706,2.5883093549459,52.68348763821177,26.85988117546208,75.59496186256338,42.39352625764133,70.03991819402864,10.316879486362435,101.95742577114734
11.465627112877549,18.305692755694377,1.0856530528453385,13.59604421031265,84.70592754557366,138.5939727608316,39.01254619175542,70.96731446574196,4.529883264396244,42.326002142012385
58.96919623659878,95.93654077984435,6.023661378172343,6.353023993728586,34.938860975060294,121.95986331559278,13.814999645204164,66.65769187083822,9.36277397000913,68.71791429543704
87.65674650770671,115.79355979567984,6.452297327194016,77.7651541904241,70.48840956981093,104.91613569035738,13.784317336698361,80.95672973429326,15.353326639494494,83.99964095951273
23.179974871725,38.94962442281858,9.219130612805055,26.570400701374624,75.38580232352722,109.24750507673704,24.97543301985469,80.9073820840873,14.185930068283753,74.30159254460162
62.59403968137711,81.27603529707305,6.269816124176819,70.57416022243673,44.02086283251273,151.80282453661175,13.453008185648317,60.52555915849023,7.067746046726976,73.84402811082674
14.980466318704984,25.10299069681463,3.9548085372344572,84.94802403777601,123.81101866497914,35.7991245422193,31.668258334489188,50.08994583778486,5.372707875165301,56.74834282872522
21.786774573253112,36.981081337283236,8.530118815263204,21.914500639912895,111.09569282026902,140.27251915242294,15.029206254160687,64.90992068955698,4.516086166123885,32.7903428942076
69.53849143023942,108.19225483032609,5.902788931874211,26.213659294668446,96.68482091593582,181.24617825174417,28.283064238838037,77.27484009593242,8.987723046347801,70.28185449944435
29.90736310645905,50.560546650913004,1.2928028463119174,58.02878301077325,19.35926396912909,30.401875463575546,10.252698145130122,20.39564733888293,2.713726798870845,18.45828294086633
95.13112723923372,141.24783330598208,6.1585056031324665,82.2358907680497,22.735602317082332,45.317601062060014,21.080872194442634,89.43979063103957,9.23912512192373,99.34639088252172
113.41974537058987,150.82227592513834,9.580185454216624,78.26514785525951,69.13376150379469,148.99374860636564,33.70167532854294,32.802564063043945,1.0200045923618801,105.73139537637599
130.08800486636244,184.52956729015975,4.463126254982205,45.23004160524679,29.28560190291828,98.71069668403116,26.941362907974696,52.91742899619833,5.857744461187672,108.78923711389238
40.02253663672151,59.90495110522789,3.4632580189980007,68.60882260213798,127.39185562353688,92.63875174646391,44.23943200996458,81.04208143900067,4.299014707458719,20.136443827454748
35.12238733886046,43.43026427105344,1.9346945701802005,15.859668247992085,29.022428083289135,44.65399421796245,40.59363286231738,35.752827933093954,15.568281849411731,22.932708107092207
25.685176050160038,38.814709417854694,2.0144552193535734,83.19505473632098,68.49614025567688,111.21860732920186,22.567477266510295,53.37566567302682,11.908634793549684,32.91100778116105
105.46453743154551,178.29717826396453,4.827714843418189,82.14825872287892,53.69452682098065,42.7781560153479,11.592028951529612,29.28075261268254,6.244800706933566,127.08691678105423
115.97135897303518,150.18915201593657,6.456798241615296,18.098316630333677,86.72637057449175,105.79168213589728,39.59692050402566,47.65534277717348,2.3926762979593077,127.30045695165141
14.737921723846306,23.526108459896093,1.3061540516960175,28.953849984248528,25.48436906673099,157.4507538130982,41.8932008610135,32.39948183551017,8.75200892035936,28.883468215857707
150.43183693655348,248.80664597423882,9.895685890251658,13.012399800541354,61.637971365086905,66.48758441968943,38.72195876966629,45.45394241398099,4.201718219890635,172.7384150694867
17.79569254772086,29.751742758576587,8.05133617445196,26.737407911854376,42.96460393685724,106.54151027235092,14.47824793219177,46.14249517549054,9.046443188475367,42.6105613824733
91.19445029516056,153.21285968047593,6.366239182836627,70.27646315321653,116.53018296060256,198.56287449143042,44.92702970443007,89.52195527188329,13.530435312683387,113.6159277219672
116.35907791763746,169.96917486761237,8.784386709389908,35.26524857322076,14.87028545616341,143.59707620372671,19.050447754347083,89.63691205126406,10.23688828152078,84.43171674071714
140.64536856191285,237.50135773326392,1.301867568121133,12.07175737174067,119.64729928077512,171.44421883493575,35.34717194829295,28.035039506242867,10.506826293175033,124.59134447230002
117.11303981986417,184.88109800589956,5.268388777331244,32.37804198231237,109.95929662636004,94.67256918089824,41.781220671750255,70.81781455298432,9.115454335942172,104.92293774123522
130.25921246046877,166.8406519333523,6.800931268616634,83.51066673930241,45.708485972897854,158.21496616265395,18.249049001574832,23.62218357683708,14.908984489471138,129.60115533463062
60.91752888142091,87.62682266236273,8.786529061182893,55.37468762073623,104.71487856125256,27.29165112943793,41.78904941369731,22.113441073603205,14.97854026630905,93.20476545719966
132.22376706197684,206.15874747724416,8.334695600492676,38.29287571249262,13.745627240649707,42.1240128576041,20.831855271820345,27.3733725971475,8.690848016103283,148.86886588516086
22.017226957701272,29.14354628383066,3.2706924971339966,18.323081079781602,126.02386603520723,56.55270672561118,44.17446278344197,87.58399599055538,5.5863923071525665,42.57254323719755
144.22249840907915,219.26255923600064,9.908801695592043,83.89414378269558,73.19139311077473,92.35134643073953,19.84410071331661,85.86044835262882,7.893805088191659,97.64169819439844
92.13885642306043,141.27653062288238,1.7434584143087035,70.6679207410503,46.393723127853434,172.23407809863738,43.37025386652423,33.57494741964763,3.7983686829342354,115.31776974962919
132.59466549437406,169.90015764640742,9.251336186211521,27.518184196073552,53.50998551136125,82.32788914182748,11.874062781243621,31.317063488759807,10.54516472977134,98.83895659805938
77.84774267774502,115.41259921069168,10.209402496046186,10.605495657695156,17.968642415259684,137.83181483278332,34.824520408443455,36.837456056116295,8.501385036733499,87.09104596366046
106.53665427947874,168.9472598592095,2.2715352322262556,9.530044590204643,128.7219416850447,147.676573064627,28.62388968429513,56.08828958525995,2.5495071671991982,95.55138770072531
88.96039914041698,128.94345769177085,7.720660642037853,14.630251960442706,14.715033418083095,125.51282373590145,26.725697699295573,59.879324242478695,3.9647167167942303,83.02935998088367
119.73842826329978,144.41071800588887,0.9028551877799846,51.46148668915373,88.58885477774308,84.30355427062452,17.8223009989544,35.51154013076132,8.194479342992903,75.5694084832974
22.244497304588435,26.793924866042083,4.5542282513915495,79.30107369643939,63.128311324775,123.86960150843797,34.695852642177215,72.96359516629616,14.313834860782874,45.574230921363416
19.05281259858457,26.2645817097296,5.662832991976741,44.739474240478756,123.8699461826458,81.60780670215432,16.678332200620748,41.66872185818555,9.49586080946646,24.201063400778942
47.065485101521965,78.27446868627338,6.306452259096341,72.43563859649578,39.51996883681542,35.09727293936217,29.34946285946689,84.54919278705873,11.223025003127063,57.40908222210649
33.93170201697825,44.59773859222983,9.859372482485595,40.670929588784624,73.85041887256136,198.7047160734826,18.86358770640878,65.97058945197114,6.085428246158646,103.75333948222672
140.76753498883025,213.56994837104062,7.222506872941947,61.68668366142602,67.88274502993036,42.89284165385196,43.446748292347465,50.54458360125282,9.571170895663514,119.9817619714143
42.882098103706646,56.2200573612165,5.31277951219237,63.549818982920065,94.34397328601216,33.02270909049032,11.002091784247849,75.29384011919917,7.710697339571011,39.081011755010366
156.37978837286968,212.8070885018753,8.596750362658893,18.91709647226709,18.16122783429046,178.13553485728806,16.99048980389328,77.25402382326654,10.88694868934741,92.12844324329926
60.534368765666024,98.30908880917033,10.00532820954409,33.89728471806494,33.254695602802585,74.33023896072112,18.48087122356067,40.333712392626055,1.7586334911851556,80.95402176728727
37.31768735330489,58.380936537220244,0.7206614868229084,55.98417252304191,35.74777841114198,137.05345533323137,24.492373901873577,43.780018068525905,8.399503243584387,56.476332187112114
128.45477607137187,160.27297768796583,10.325212722560387,10.655728654749295,98.57809058100275,79.22103133920191,18.145558465451874,85.51686076100223,5.4398893771595045,123.66581359711259
108.80616632513141,153.89011128984265,1.3613213906368034,33.923215021036526,32.69664355920881,90.46176874300481,27.197218159407484,31.531872685429036,5.892775919168638,96.37405893630992
84.72935746797084,102.91099662714292,8.643867792687614,47.783957302495395,78.8190116669172,67.18033496302337,40.53629331404886,22.950529187405394,15.413761473370922,116.56400404253884
93.30453264064468,134.40005435891604,3.303347525514125,84.6979594435711,35.829258460114445,81.74792104274184,34.92221974932097,51.783872582668444,3.7404221906707416,135.69870675787
117.88026674083957,180.50026908777068,1.8217965775387175,42.96268500979526,113.39499401007741,93.92607210557776,30.298669318728887,76.08469301705402,5.668678788678954,129.36761364441
44.26821119969481,55.74480302421423,4.898556397138349,70.28454056914589,123.06225453875662,149.67489243662172,13.115111229393788,74.01676744175221,8.648388635963077,50.96431059130175
159.45008740851128,214.37146927024796,6.9395657944761355,39.56538280532942,72.21915699306885,112.07651496226252,34.289723793624646,84.36714402389828,13.945404222244354,110.74923633206136
156.21897432201746,218.53758397826073,4.30951845023475,68.71125780957671,52.27706610510139,189.84173908825585,15.824499950882895,57.32404650583282,7.250051248095557,132.4649548425437
107.54885295204053,178.50587702023495,1.0456540828269896,52.63318412960867,38.0869330020999,27.538470890979593,37.522858508659425,27.00452700965733,12.157979213322566,83.04414313860768
39.93136763937177,67.74865675749825,6.494611396587166,75.92763532019187,15.973720182765252,110.55229807376507,18.75198654785536,61.208228203521124,13.845611473222036,59.755108572954875
112.0342363646937,136.95688518119255,9.524032761106747,37.875404188008794,42.22000914369944,125.16046198970926,24.596705491231532,74.4876930047248,5.650245337327734,90.91047308987208
20.829761346876374,32.92152033099713,4.332153659472517,53.34435358571831,88.50829359343815,185.6354574933693,22.266457081127477,26.532968418887847,6.891252753080649,59.896697053483756
14.59787533087091,20.230641186457984,2.6633277763082703,55.40149444950619,74.0340317571053,28.848534251856965,40.05848701361999,32.08601807683128,6.348343355325344,54.36871668443192
48.65243327668205,67.92994279172717,4.925773459328154,38.39063534403786,123.28495339371129,123.22992528833889,14.429056054969285,20.860346280896962,13.492837129268816,66.88608176435626
79.39344351089744,125.21397898991462,0.9836271104878087,16.54496349499852,57.55327149900407,173.65338713503226,29.7975708834676,61.55568056127672,1.6652029293040174,66.25867651014936
140.24087581125707,232.68951457964855,8.704875844802748,12.484752552986844,93.26360107940734,63.546991061462585,14.972156330507179,82.0714074362133,5.6263163324302,142.28846660410662
119.0753604649462,199.50651514134324,8.763408109501867,6.333724047970648,68.71872969701457,177.73262273430873,34.667854264626534,66.94643212014697,11.191128363926948,99.52924602690086
121.40597817999716,180.72023985987255,6.380004634296284,74.88274113961717,71.5091459109054,23.42781366937253,41.67773447280684,88.74280613136874,9.48165249348014,106.28633783987935
73.8240001672113,101.77085646261105,4.031028889383895,23.917992979095565,42.1329177524941,151.84183324407135,25.21126788535387,24.41235567498331,7.544340389405415,83.58358665201689
61.89024888204444,98.63910312376655,8.497833644457835,21.920539942541446,64.59409322103997,187.96037981035755,27.083229109274157,83.21007596060474,9.099223408320766,80.05879232125906
65.6558144476904,87.02682746002009,6.046870247883672,63.88283203408524,66.49419964152487,138.2955790952112,42.45979927689668,76.98478011706766,3.9637687874247742,89.54059610807705
158.14743456040867,234.38035175357783,8.759323085500162,30.60128904699134,94.79710260987207,99.02526391648064,28.234698602727498,41.99690643496535,7.4607493241201555,165.0917186497839
16.01637871187237,22.091218673098304,6.814587925830207,45.483575392946925,122.87679990233366,28.078582965089247,27.065945331734632,88.14685862860763,8.525544762645236,32.924001274032136
140.05472441836727,214.04781133838733,8.344054732127972,18.0008852237965,49.51855329790051,185.62048639807318,30.241518594650646,40.15564237199905,14.517836829319025,136.01657587469032
96.80131128585901,127.79703854292404,6.485629932177599,81.77965771695754,15.064056229755813,104.65332008448345,34.12304077270332,82.25133066797528,4.912527442059645,90.31776737084469
75.79231287843857,98.2114116983441,4.641410682156662,73.12651200137898,69.55541506007677,25.21941398047064,13.740918128046099,81.65240039519327,14.017427532473988,46.31795913068639
118.78864906227048,197.0845691858987,10.079458599261375,74.10316983720026,75.33535985790023,144.16779283917714,38.738868470953065,73.03603316220807,10.66362101238973,150.97741734696515
83.00034121370543,103.82527966725823,5.911138248788447,37.541899885760415,30.21286613582983,106.73070564372647,25.242675960864073,59.44293316689963,1.3051124660140148,75.07069019152209
141.0134857122491,204.88962695138852,6.550895185405384,65.98889709657382,101.25575275312801,42.38215713963393,12.532197846411993,28.400192473182166,11.869470053490904,142.25016255873808
145.10527960168878,190.14978793335578,2.7048763941474925,16.510092431182414,128.19149301297898,58.56892567584672,37.51639342193746,57.238021414754876,1.5332781632358263,125.98440833320073
73.25813903101832,89.33573517011406,6.756507894272765,5.689520207342422,123.49296604101531,31.60832248205233,23.193249009019524,44.97573789584542,15.960716902207196,61.319990723805
51.52416958525774,62.7569233532633,6.216076494829439,6.59783460624225,33.65272465883827,123.37283714754324,13.512862328326888,75.45519232087463,14.089550315367967,50.62585481258727
98.85254928900433,127.28361857860418,2.3483839794702495,51.928138992364836,115.04358878809128,131.96530626536168,32.18226638401377,73.06904445477915,5.460156213100685,83.42349173817918
146.85450184250365,239.86996652241885,1.0958709735314371,41.43159241983526,94.53923636940216,111.03361370397998,40.80459737017746,83.74287551608236,4.861168452950581,137.7386927112198
41.59932835084999,55.79465703243799,6.543593197147711,46.44122791268158,64.46158765682938,167.07838394047067,41.07137282948952,21.03811137021955,6.721616231584133,89.58747552119135
103.44498753452241,173.29410356754389,8.136922693503205,5.597051233377552,74.87331931896749,174.98158783544244,43.51822161831406,76.63722517761323,6.342504479716645,111.02170154399593
104.73403301387808,156.13866383442252,5.734013709220083,38.81492957259405,111.95202099789498,130.8123914029628,40.369691091834085,85.69234371872682,6.585067275780716,117.56067861576369
119.96695336229214,170.14998110540284,2.7677262531964573,62.445452896068865,67.61619275660479,22.296166347337497,10.074932177091632,75.2510314375705,5.774148191792206,94.71969415956184
29.73515276908897,44.30669838217628,7.165219766930349,40.41549615739487,54.784884292615224,145.14133803459242,23.308440824468658,29.11361219092567,10.317001102724971,80.33533670111791
117.37374470231329,171.17190582059868,1.3010572660960225,63.57753650497778,69.18969916311829,95.23985904566328,38.6489902966926,25.68953733886214,3.4639549558093594,134.40531230813755
146.35487809984616,231.151156781671,4.918337048019546,23.641517151746783,79.4955764842059,121.80034698074965,22.818855209946598,21.459166786539058,13.689719386690198,144.59202603014256
36.952466330536296,49.56242277982894,2.133667583984202,70.05136035853803,32.68931845340186,136.8345083633992,31.054197723289715,64.01216580796498,13.18603726046973,27.415315618341864
45.63149873858165,62.812907735780456,2.3445905105988336,52.07449923627618,118.10892763203888,83.04259057887381,31.22109315810862,64.0770856301921,8.147248117829056,92.37370649926224
155.70926410624594,256.46049987201496,2.5229394915820365,21.861047954392497,90.90243385955365,185.07773093092297,22.775885641358805,89.08395999527485,13.790949479178215,104.59754983653121
37.14654290642346,62.1546452251109,4.367070570439779,23.937638068306633,85.99227008049867,44.11547601496062,41.65658745484507,47.8630221872867,4.707176050454399,73.93477208381046
138.15776400543686,227.44624128361792,1.0115020562039763,55.24243716556296,21.939547141676577,140.87212531058674,27.612992088514115,43.23343994282477,1.2634818355595043,134.6493286938275
83.84167846720521,118.19362608218792,4.477934409290982,71.39516745699547,82.50087258071102,20.784724392184476,26.267447207812527,63.709744902907474,10.288118875447346,59.8252040924909
47.08466116047656,74.8732160377738,5.617074471147008,38.25022256233241,24.51527946861908,186.43719897293255,44.912981098166355,77.79260707553158,7.868641104470731,68.45179377336108
140.6124851908767,202.2243578513951,5.332942849663252,25.66403433020738,19.443721023447885,40.25074398285647,27.272512742541583,85.57417646661013,9.50746819443806,101.6844814278487
76.79578825039982,111.25942846625344,4.327841004030406,74.36092855284804,73.27730747708719,37.07916142656343,16.243938817500336,76.21869163253271,14.490091135276046,81.39153992672146
87.22260308945353,113.593489663649,8.891466080707525,58.54146334006679,58.3342640855794,79.94137394940395,27.957429800220332,49.86717864310633,15.548883603489152,82.77071163532591
63.885005409964855,95.54418780279006,1.953266924205041,40.84683898264612,80.65723241874679,87.2419314870345,38.490585743197556,64.44399647184449,10.516797096334045,61.00906389174701
98.94262771523911,127.93954067621259,5.556967437813739,44.03201562234415,20.70666016686863,58.57401301811815,37.19011144143985,79.94095287012819,12.460833847786576,45.97178990276294
34.528580887753414,47.1585263309367,1.120414169565543,21.34051743491171,61.71796754167101,125.32189896688244,37.60036177879648,54.34267818182176,2.257126502307464,75.22256252593684
68.66223049776411,111.74881699040579,1.2115567887790974,55.144210405187515,30.974405805418957,99.72453764755345,34.78083243992691,35.16806505937749,3.410733773372584,62.845237907750544
155.41184835029313,202.5852351493976,6.238658496770963,33.69940084343109,128.452010310894,26.151606027395736,18.89762401733409,31.880640782351108,11.99807207429465,137.1028586987669
48.72001490516913,60.197434243340915,6.16018424887821,84.65161413394794,77.33802549222092,77.53737120595412,40.1729430044081,20.01104212046397,7.4704818458200295,84.77898329086106
108.51049968119383,133.95662379553906,9.28033512844457,43.414681220951024,92.49242331290408,165.87792444317068,41.27052128816928,70.2766596486899,7.6894790560660855,122.31643197854386
58.77850963370423,98.18316756126094,6.0787367566007315,43.87084849516906,49.05019368191294,144.14627627513636,16.795344381649215,27.776804619219334,5.629115224531549,94.99379030401307
126.0209688529901,183.16646498525432,10.097910204048501,50.268142992853754,21.368669773521297,150.47675364437848,14.565947279298786,37.06873697871583,10.110345752166157,155.2031877899667
29.631049107752474,41.622913531961345,0.9869484839992977,78.34048024949973,127.10450353402439,145.66104633503426,44.14617390061892,40.85134320659553,3.777475681243039,72.73358331828821
155.4731567617817,249.60271448404563,1.4800768478074107,69.06544798878002,44.35108424598199,75.97514384894599,40.39133872776287,59.226590209573786,10.403744189708434,142.8733433664543
78.06843120754588,126.30792692633771,0.9406586157038139,41.09040558382731,60.856982220828904,37.93950597381966,41.26326515234814,47.857009410703846,3.606982857028595,83.67645989068195
45.40756950196959,62.03107711442746,2.3527685033354,62.495941277823675,87.983670604309,69.04409312595729,41.02317346185383,67.22717944162133,1.957390520645704,76.74520813926307
21.024512099501898,32.520905140297685,5.912701109416781,51.898839902460935,12.963675722333354,169.72135403332868,28.959038841180494,23.89470615300919,5.9553653304859155,54.30848777504984
35.46368576313111,56.22985152883339,6.9557218142742805,44.389363896099916,107.23109566207444,196.4847436009528,32.624060783302994,28.675743598510763,4.467105130147715,103.59508008878598
87.96609228340265,134.3528421072049,0.955851579486688,20.385261822748042,74.38938280343443,108.89246265348105,29.087699824677458,54.94480524732867,14.334874578344985,89.56054055254076
60.55047646469294,77.25014876205492,9.959708898455993,42.11490107639128,43.386062448258656,21.7460638861476,11.792222221661518,43.58753514927808,1.8243018080293991,89.97825907842294
134.33250488239142,220.02879015534924,8.92165376650381,24.66548696180597,17.39295823509631,45.208066184161225,36.092607987347044,40.706935392595184,3.6492053886118425,127.47628782469283
74.6331285492709,109.67691078640419,3.466124821570931,78.18737198813237,29.499809856932973,77.97450355692783,27.68662116675581,24.69196553262659,9.230794083745742,81.1885663243434
47.30714088814449,63.45005050142427,1.2718753022646796,31.832545079707756,117.40406306241243,124.14536274673095,32.66981761765804,82.7003422323601,8.216007862712104,52.90232138586503
102.5717479906045,144.89429672633398,2.1988707321905725,81.18112116266978,92.32290687230692,33.516856244956514,27.592393174143734,68.42730102875356,1.6877802756205231,72.7204666097214
116.01658253281687,141.39933379443661,1.7694441375497267,47.64442320757689,39.98820659642678,189.8043137677787,27.21339628128596,28.513270977375456,1.1087864202271671,138.21023853475916
35.05628618514248,44.30881101078688,1.7328377929894685,55.52355029409283,17.872091793403545,85.71506119119213,16.012618831721838,24.553217041599844,15.821019129417248,34.5694188950708
35.14288244324765,55.62321866099175,5.685616886657339,48.43523555914622,92.87383748639635,184.26515922646814,19.754980029940214,88.24107734018702,10.882520505382573,56.17590109730659
15.500714040031447,18.600947021545664,2.958474424934003,15.350449357336071,78.68892711613182,160.49392449626393,15.559844218038453,67.68207853076534,6.481091963523353,18.652109243026608
120.46030225984607,169.64218551686534,4.0813971652914445,35.065697520635275,58.542342934988206,155.9787090528046,16.848320346886986,49.22192497656191,8.05648371494862,88.3779416480711
109.57067914327077,160.11071267233558,10.395053333843224,12.931688982209915,53.63337390280766,129.20952436080177,44.05420831471067,69.12117285290495,4.998251806814304,115.49131994090837
81.19463136247208,99.6515684308072,7.343142489253448,54.83632353467054,36.017713111492995,132.821087069332,15.358970602026945,72.94322505361114,6.1731067553981465,83.69301744230914
136.62556734537958,230.42435885820285,9.989806670470013,40.74993561603512,90.35335078450211,134.84058233892466,19.42446485068227,74.59735416721455,10.73566700902321,148.18232713521397
130.85052294250798,171.81493645329326,1.925565550331156,67.23879772567494,126.48016333526446,133.16984966460478,30.670638020850475,53.45141139571403,14.24217698301056,118.86374119183685
97.80315465951283,132.23958280332187,4.321394748325693,22.637638479949587,31.085829500419102,119.67108165170502,31.356250168282465,50.09179306873936,3.7619503462177732,99.84658668682587
140.2406920769888,189.6013846275184,6.047318032823543,18.165284674346793,81.6539944018604,197.55452332692,15.389094541034018,20.771965898823023,13.60542258077978,128.3273761448255
40.876181505515234,53.76069445792016,1.2675806188873802,37.50657847710143,60.90220668951714,151.8123021366253,37.78010990248243,84.85899805992867,2.823349442774036,56.42019547735653
26.787942909659183,32.16527182254457,0.5418744362795787,79.12683065747049,63.60264660935979,159.85034991065382,37.48210037694888,62.231551487226014,4.224883353825868,71.92235014286781
50.462441727548445,78.95718965853631,7.204343337969175,61.83374520099294,40.49767361533773,177.04330671506136,18.30611964713619,34.22077560329777,1.5576293207446898,96.83116977239085
18.563028413397227,31.24942433814636,6.918195168014353,38.513889983433494,109.01618507937029,58.81515729065285,20.103320593641115,84.37223935950057,3.1121779313949918,51.38327393919706
89.6754292001548,117.66732223037783,4.607888099996117,46.38177358034484,68.23067249766893,35.08474863711094,42.82957529108239,84.04523312392075,14.759547181960759,79.31993452905138
150.4908538442442,230.48029362985574,5.396440760320326,11.737040894167867,75.2087022637917,106.92099858774776,38.89850060928173,89.24289150562672,7.891581199275679,106.27104061344723
15.901531100276447,24.980481078489174,4.654430005920896,83.76607171008905,46.57130953567909,112.53452521146917,34.42289615718833,81.18395941972852,2.164987926675303,29.249764856666015
28.31648710150402,45.99199767360757,0.7400504484488886,58.31258437559352,31.81701588003397,169.2527203909852,12.878162752871019,89.84490714740453,15.39590257058442,25.591031189815
77.8298542425153,109.84240949211859,3.853716062174624,27.8323254770738,20.30924658433846,99.88104427082042,24.639242831590153,37.12803316862908,14.184884616379751,70.52466768173193
150.08125262918574,202.82962804432754,2.2708225539728986,51.86467153721955,95.6942969109899,122.75354459797629,29.575565522688947,78.95747096394638,12.32023781302212,124.87737372277338
57.423415746512575,78.2478777564761,1.4842418910136874,13.758589285519518,33.54811380254267,114.8727689324225,16.559395079432193,77.61198161570351,15.002091879213367,58.11832500856121
86.08522130325886,133.97534814651505,10.067204338893498,82.26693350460668,92.80904250265573,26.876501076330392,25.687930373787857,36.165825145451365,4.301941312536462,125.18257013254602
16.235928857558815,26.11370128432075,6.493597250421656,18.982799030669277,56.845173525634465,130.7386813874445,31.03590571210415,26.890628430069356,13.545539395151295,68.30133479411349
32.251480144313334,41.63043581069202,7.786562842366027,56.84242544441713,59.89297611875818,169.0477914393654,21.458183804038974,88.55943595743197,11.349867945314593,52.508395920035916
157.99451844382705,218.8967451100694,3.653637432661175,24.636357003114433,66.3012995311326,48.35009865364469,37.333068663267056,40.72171860644272,14.046388743515326,116.20333465909496
154.76780446540684,255.5170173634697,4.4314712949401525,62.40491061188286,54.12502097530518,126.97971210678723,39.41573535735819,80.96242533274642,12.953673486139447,137.96435794539732
10.740997140161442,17.22154296220771,2.869239938967235,67.14570937922248,22.07439726671081,126.84989800035459,21.326331430192475,20.28890082722227,6.197425947652375,28.85999070201833
152.77176781348584,258.5554009941777,1.4696567096542474,58.87357831291461,47.155817200341495,49.55329353014457,39.353000407235996,21.471736505372153,12.615978055258834,162.24732643256442
105.86799067232505,166.96696266711,2.2903163744158377,54.1599568204154,89.64812328327261,42.22344327153249,13.625179813605525,52.610991608745785,4.936844544773354,102.85837104053473
140.18774417800333,195.78586714046446,8.475140452964858,76.39752751616093,89.89412817626452,196.40934973576725,39.32051845179297,36.71002787545445,5.928882445420823,172.4595017331638
78.21097834507887,116.9503554362641,7.2754580518377585,11.290136879180643,44.346916868799326,90.86945053754675,15.34626510836658,68.2888898405175,2.618585758344642,95.34673888208324
87.33940428688754,133.67358073981615,5.969288759854769,31.473181262415615,65.21231518692255,60.93591117023527,12.902450337840412,59.5895027897568,15.026149239707031,43.16675268973983
83.32698703853802,103.26112784092308,5.25089872866768,24.86299837046768,33.2136673614325,50.83841800178749,32.462139155435395,25.4240058215344,5.365050451004223,95.0042716020889
110.02963863191565,161.99096818148638,9.724342836561245,84.04111696523373,35.24464978358029,140.1683084449823,26.5178078014353,31.383980742100196,8.809336977571778,112.86709429785317
30.947688213446934,48.113145777573415,1.227349477786684,36.15118237334988,12.765650608792889,129.70015351891018,41.77617101444915,47.163448904088995,6.86999254699289,46.48723196444495
14.496038480901692,18.607994207819043,3.3060081323791595,63.609015939231895,117.60958598892935,135.83938213773513,22.711621863179722,32.99228447688032,15.398921808752522,38.78766208912872
56.189491238678634,89.35903900987336,3.9993785357071405,59.778013110480366,35.284799808988744,35.84108495206141,20.050329220317003,75.45556430707501,6.025737564077236,60.91898479547304
115.702114410497,172.61440981298526,8.324258122127878,21.966498998190218,37.3040652323756,180.83622502971866,27.52572171504694,49.1249164887296,12.678187321340335,123.19115135736409
40.27801781844225,67.51042440784902,10.425146201619713,24.119814416924108,43.55217191741582,90.06795142562869,25.958116501903145,26.54023067897495,13.8312423194677,91.99746790651068
111.0148649987376,135.57259085267225,2.9067051475715306,27.50276508424273,25.28896860345148,76.40649315746442,22.05498161760159,53.90400315904874,7.534097462214489,74.33609502879746
155.48680691609056,207.21152525924816,9.243073341370806,37.890182260750336,86.71154598176354,103.22506050459306,34.2809454544415,26.358672674298994,6.672577216793969,170.57496082614162
24.085107368412757,36.146373727506045,8.806227604317913,23.746005252042146,19.017154381310387,90.21189183457308,36.58466418698679,29.0256113793872,12.216187313989419,60.011852997182906
110.89031773376894,149.51119272632985,2.7465739764176664,6.572118619747824,26.10429115916203,175.44386056504626,39.85443891605478,36.77268824197437,14.693439704593512,76.25002770409654
76.56253289568568,119.22410125641142,4.493325801992226,75.35144454457564,87.37080719081115,187.2669755356206,44.049981164862,80.16693936732429,12.323975996083574,81.05278686738414
140.2213381566258,221.47997397953742,4.596728692925192,82.24878651047072,50.75927445777313,74.62157896092913,19.332966724637657,84.72287726330804,4.406895483877984,117.52605274916574
36.572468417107885,45.761593029564715,10.282206685265583,32.32563096252544,94.95373920414269,175.50844534279187,35.06327188714865,77.83804105324484,14.32461621156558,85.92790653434946
113.89389283392468,165.93511404000932,2.3089190137889832,32.080550354037825,76.89096936041705,160.6741633159521,23.79903824235108,43.38540521924931,6.8137250115524965,114.62869621319675
135.71729344721655,197.39337656949405,8.49157971104782,5.567345021949679,40.72254076738157,187.54538102205711,33.697869018288785,39.07125087761821,9.643441176669015,122.8025197044782
151.69213292110348,210.03905334569583,3.841927141731099,59.420055066429924,88.09935405871937,64.23505619345981,26.65935916222271,58.44089835531674,13.471534289390666,121.27233377025266
112.48720424344687,187.4556998719684,7.808703457761604,71.0351916598903,23.952841635145678,123.85264702177624,44.782058596877604,70.52972123731786,3.825921511007383,159.78643211006602
84.5762146012641,136.48513356826683,4.700110042956629,16.728664028800253,74.36924596960365,69.41802525328004,35.511574752676246,89.53609517121224,12.767652035163296,74.46505662909398
102.67708603018208,159.0062170799114,6.2835976311654,17.77330794937206,62.45777260540416,168.33700828718736,43.33719551520136,29.209949831524835,9.942441968660162,117.51012061034544
140.33574767180772,218.5256784600482,8.826117733261311,68.20665999771502,42.1448299380929,20.958354302791566,39.2239342318415,23.45043993166631,14.400124627414124,151.29193543009524
95.59146199582445,136.77781500207453,8.541655649838841,54.30325986833157,82.48059972874002,121.6674493195513,41.601535390717984,68.60491222966897,3.5795560276531444,128.58395403140543
14.558058954525528,24.173617012890112,9.164231835397002,8.588844610217361,114.56003108083391,81.05661762894525,38.50467190251362,78.25580484527339,7.310233555613927,42.08551649407252
149.64230432604666,231.54119534551424,1.0961732534465902,54.803759236982536,129.8685639715692,78.08306727400765,26.070569563156898,79.24441459064963,13.49264639300256,124.47587247551944
113.42901265473417,177.45861621949058,7.420505530397448,29.713417827501285,82.93153224921095,136.08313829568505,18.812595867140953,67.49244843540124,1.2884755518514026,112.67776513700575
111.47700786658697,181.8017712699385,1.8998737672176287,34.498012437667676,58.56470491950042,173.2672008765189,22.961206140768276,86.7811062883431,2.6830205014846427,109.09843995766255
42.35127285965758,56.62516776324466,4.6581856801841095,66.57851346375041,37.02485202594419,129.65517045079872,10.708268142398266,55.770333448121086,15.85847819135102,47.37652785755239
108.83282053489857,174.51728606160992,5.985884150546885,69.87481541380885,40.85153072741341,173.57113615641003,28.33976086126335,83.96703588353488,5.205912678855258,120.36228380665614
69.07966084812378,89.63917033575736,4.527394847468307,37.02853014718645,67.53459737797188,67.6274801385854,27.677023009464303,87.74684958940661,15.6331479058593,41.83255533324974
107.6849465562238,147.81600070302494,5.696116758030075,80.77223488050838,54.07332415368511,113.51033385769661,28.383766269067088,79.30102199021755,3.7379732651301087,93.6916322346705
25.988954546198606,35.54782787606233,10.465263087986191,37.51701743616578,119.6577427149933,101.09657703207368,44.09109287402224,41.683099428103446,6.416416645110035,95.19386411016502
108.6767956904554,183.5836610315634,1.8521731371285473,66.74688281840879,54.195456118685144,22.09608191055732,41.90089012091937,33.73509558192067,12.29304166755356,103.18969345062429
159.9120588656,260.379786110998,7.254560453364256,43.710181165140725,54.813350937452256,120.22618576533323,15.65994724155378,58.36840454872729,10.866676108572678,147.766575474373
17.231805829083406,26.71937844896441,4.460009663856152,76.80258612176672,56.024141492077234,139.07437834631148,22.910888254456122,51.711032526613195,9.716835998935833,40.21960107889621
156.5761276331976,244.8112193114724,1.8300979890732878,77.62089949201429,110.39442524411898,126.5445927954326,24.838466281214167,81.44308395349131,8.948487637075115,146.72844506565497
71.03619410843059,105.20718899324122,2.0873676337430953,11.993344629686709,88.09459850162823,152.53038178101588,22.61865212480767,27.002216974700758,13.651606654971104,64.74974401153904
140.61301755058886,235.3222593587712,9.99273106245617,79.91946650481806,83.70026203826713,122.84111512155388,37.947358726136954,38.0418042918063,4.524228442500891,167.83764649407573
127.35782260874102,184.43060423930262,9.296014967117621,71.04278732163326,50.09716268606346,32.015045873136245,28.34131844536554,72.6259261163096,7.637063904902776,132.6480562012894
95.05243914800018,132.14749520867247,9.570419604150219,68.30485714501336,108.14850121989274,40.96019433524806,30.023493594006876,26.64906514841185,3.3317843823468594,140.2644468747177
120.76738138769898,154.76553302268348,10.415327758273865,21.072907174841795,14.603663362684136,127.36542395791143,39.85547456457739,42.453508981519015,9.939123935960566,119.24788331638798
141.77733419520217,225.86587178762906,2.5831539000851795,69.4095367003732,114.49566068057358,69.49625455525523,38.20748536953755,47.10087758377882,4.758166364069803,169.00639781221864
70.62104824765495,110.67885807833983,4.054393373640617,73.01061877480295,71.52998797527155,34.336123226257854,14.62740329871049,63.5815657593883,6.0076309651507875,72.21732752684755
59.054974234485805,82.21500752985175,7.192190299248667,28.132026756332074,57.790028183609536,97.32849382073842,34.9870104429272,31.069285200355523,8.068760749352922,67.44700544613882
110.13900783453771,133.5541982101624,5.338025398606472,81.1808062689859,69.66007368612227,119.77806765505797,25.240264511571244,80.24231432447966,1.4015587855469178,110.8634257049866
131.17689129118878,212.4408001752582,4.683895333783335,8.98881171193314,90.08986366405973,79.17427790292918,20.312711607187516,51.327956482639195,2.379069038812565,114.39506387686612
124.34277021649237,149.9211961062736,4.07811249335593,16.992740259771175,11.531851182147683,149.67806640064003,11.750658731576522,84.19151983163896,11.288938310623294,88.7233376607095
129.67204732879517,201.2315523592147,6.437806319434522,48.00649104412115,114.58622277498972,135.87870945822402,27.053734612090786,52.750893954375215,7.434549710762608,134.7871308778218
75.33749722193996,126.95336782060511,6.25593428640082,51.06339768978478,63.60874303736714,79.90730499650095,22.4402838253586,39.252818125851334,13.971853329998432,85.68550893273134
132.67513242625324,188.24354624646028,2.114578340642401,56.61200666407227,51.15598236400938,155.87705520354092,18.802956388674026,29.928018008137244,11.420080054662991,103.8707100974597
28.031358305591265,36.9309418205727,5.21739837518439,6.357530345237317,26.58946787608685,136.7651076559464,34.31351053589351,20.26215662978994,1.1215141247098366,76.57182935688044
91.67336469412743,142.31698621596536,6.034717762098499,81.82934196977043,62.735844923013055,134.7401681692224,36.931988556045546,57.251023948938496,10.250684961507023,91.00712762869881
10.863799074718235,17.475116866239453,6.202869387313905,8.56704741873152,69.55873255412547,119.61698614167224,18.567633166029868,27.50096878488464,2.4058729908957464,29.12913427122442
58.687874485040545,86.45986628444753,2.601071929123518,16.44495621787219,58.43760333921733,22.050140255939503,11.730660283777155,47.42094345418248,12.713997696857414,46.06411081583299
64.96923023070968,109.37684499651876,7.922713922522868,6.121161402084558,91.43921125922765,145.37129302584003,39.70634451978323,61.24902328659607,15.87261532417753,109.05346422021599
69.42590374138831,85.10465833779907,0.7519909482106963,50.348674663527575,60.50758345110712,87.68752239964816,10.348590942150617,39.29801278318902,8.967981913622673,50.34068744260625
114.32008100347933,166.03823404836194,4.048318555431626,79.58135071367778,125.3701093415888,189.669747828558,42.79893728725152,32.26570046562807,11.241692502911956,147.76281254359264
68.28371519055186,106.4698105869126,8.302126485356336,58.275773286437136,81.91330213883103,167.23725879389696,31.966695589394707,74.23051358265391,4.559712413421273,113.33677617802797
77.3040433933796,126.10765027935629,6.138929210554023,70.81259747843418,106.89735227822908,125.7850045156362,21.26463223204621,86.27538205971344,7.563966156306903,99.36885547851142
45.63161963114912,58.84780550704153,3.111624325108602,6.062496276686407,23.122708373137463,65.3927567274685,18.626726835185767,27.030829250337618,13.841429983545755,34.58084919880709
65.98776874440101,105.58054486794992,7.449531193430477,48.361223878378084,57.674955153508684,56.66913078997999,10.315198249256634,30.89132270695055,3.511344216193768,65.26382840942442
44.09044408947272,65.0930831172795,6.173909441560734,41.76503820044175,50.421724173658326,81.26927078195885,18.241499595380702,87.2008860076903,4.983034084206432,14.471221052502962
20.979388565266547,29.334993169047145,8.462436094563872,44.917435537663444,78.33788657639101,105.78222984440333,14.820490553099939,22.64489552685724,7.681505129290453,55.324654339461155
100.51728900720668,127.24056560578664,7.850251861898234,10.777054826815036,113.33362240737107,73.29179180701047,31.425817725310097,88.43426355853306,11.683733377660209,106.99183757659472
110.23191978325244,179.9699100823208,6.6010792203623465,59.7548288855446,19.4005861314408,112.6873091706469,15.829095600783045,20.325113815949216,6.638259321935108,101.70591788052229
102.92355190144218,131.60182088412623,5.38177675310814,45.257633188690754,18.708975765365295,49.76667659237347,28.502044313781674,81.1568058955932,14.915984196745057,85.74566615440234
79.52410657008585,107.74672924903459,1.831821256675234,66.21190798890112,112.03812497891187,195.98830630858998,30.65407478205648,41.51276266914247,2.4168557690307875,86.27631759923511
66.96786702688448,90.07330574036258,3.113330178853838,43.823250724937225,35.54201032460289,39.42641989369889,20.431459442142007,85.70122007241076,6.562062963172712,49.05893110057075
139.50004743577378,228.1812064758401,4.6909947291708525,16.950530898114565,90.25039053397765,187.74994513778697,11.227273215655154,42.18617020449098,11.634311851426329,140.1190679365482
